IDfg,Season,Name,Team,Age,W,L,WAR,ERA,G,GS,CG,ShO,SV,BS,IP,TBF,H,R,ER,HR,BB,IBB,HBP,WP,BK,SO,GB,FB,LD,IFFB,Balls,Strikes,Pitches,RS,IFH,BU,BUH,K/9,BB/9,K/BB,H/9,HR/9,AVG,WHIP,BABIP,LOB%,FIP,GB/FB,LD%,GB%,FB%,IFFB%,HR/FB,IFH%,BUH%,Starting,Start-IP,Relieving,Relief-IP,RAR,Dollars,tERA,xFIP,WPA,-WPA,+WPA,RE24,REW,pLI,inLI,gmLI,exLI,Pulls,WPA/LI,Clutch,FB% 2,FBv,SL%,SLv,CT%,CTv,CB%,CBv,CH%,CHv,SF%,SFv,KN%,KNv,XX%,PO%,wFB,wSL,wCT,wCB,wCH,wSF,wKN,wFB/C,wSL/C,wCT/C,wCB/C,wCH/C,wSF/C,wKN/C,O-Swing%,Z-Swing%,Swing%,O-Contact%,Z-Contact%,Contact%,Zone%,F-Strike%,SwStr%,HLD,SD,MD,ERA-,FIP-,xFIP-,K%,BB%,SIERA,RS/9,E-F,FA% (sc),FT% (sc),FC% (sc),FS% (sc),FO% (sc),SI% (sc),SL% (sc),CU% (sc),KC% (sc),EP% (sc),CH% (sc),SC% (sc),KN% (sc),UN% (sc),vFA (sc),vFT (sc),vFC (sc),vFS (sc),vFO (sc),vSI (sc),vSL (sc),vCU (sc),vKC (sc),vEP (sc),vCH (sc),vSC (sc),vKN (sc),FA-X (sc),FT-X (sc),FC-X (sc),FS-X (sc),FO-X (sc),SI-X (sc),SL-X (sc),CU-X (sc),KC-X (sc),EP-X (sc),CH-X (sc),SC-X (sc),KN-X (sc),FA-Z (sc),FT-Z (sc),FC-Z (sc),FS-Z (sc),FO-Z (sc),SI-Z (sc),SL-Z (sc),CU-Z (sc),KC-Z (sc),EP-Z (sc),CH-Z (sc),SC-Z (sc),KN-Z (sc),wFA (sc),wFT (sc),wFC (sc),wFS (sc),wFO (sc),wSI (sc),wSL (sc),wCU (sc),wKC (sc),wEP (sc),wCH (sc),wSC (sc),wKN (sc),wFA/C (sc),wFT/C (sc),wFC/C (sc),wFS/C (sc),wFO/C (sc),wSI/C (sc),wSL/C (sc),wCU/C (sc),wKC/C (sc),wEP/C (sc),wCH/C (sc),wSC/C (sc),wKN/C (sc),O-Swing% (sc),Z-Swing% (sc),Swing% (sc),O-Contact% (sc),Z-Contact% (sc),Contact% (sc),Zone% (sc),Pace,RA9-WAR,BIP-Wins,LOB-Wins,FDP-Wins,Age Rng,K-BB%,Pull%,Cent%,Oppo%,Soft%,Med%,Hard%,kwERA,TTO%,CH% (pi),CS% (pi),CU% (pi),FA% (pi),FC% (pi),FS% (pi),KN% (pi),SB% (pi),SI% (pi),SL% (pi),XX% (pi),vCH (pi),vCS (pi),vCU (pi),vFA (pi),vFC (pi),vFS (pi),vKN (pi),vSB (pi),vSI (pi),vSL (pi),vXX (pi),CH-X (pi),CS-X (pi),CU-X (pi),FA-X (pi),FC-X (pi),FS-X (pi),KN-X (pi),SB-X (pi),SI-X (pi),SL-X (pi),XX-X (pi),CH-Z (pi),CS-Z (pi),CU-Z (pi),FA-Z (pi),FC-Z (pi),FS-Z (pi),KN-Z (pi),SB-Z (pi),SI-Z (pi),SL-Z (pi),XX-Z (pi),wCH (pi),wCS (pi),wCU (pi),wFA (pi),wFC (pi),wFS (pi),wKN (pi),wSB (pi),wSI (pi),wSL (pi),wXX (pi),wCH/C (pi),wCS/C (pi),wCU/C (pi),wFA/C (pi),wFC/C (pi),wFS/C (pi),wKN/C (pi),wSB/C (pi),wSI/C (pi),wSL/C (pi),wXX/C (pi),O-Swing% (pi),Z-Swing% (pi),Swing% (pi),O-Contact% (pi),Z-Contact% (pi),Contact% (pi),Zone% (pi),Pace (pi),FRM,K/9+,BB/9+,K/BB+,H/9+,HR/9+,AVG+,WHIP+,BABIP+,LOB%+,K%+,BB%+,LD%+,GB%+,FB%+,HR/FB%+,Pull%+,Cent%+,Oppo%+,Soft%+,Med%+,Hard%+,EV,LA,Barrels,Barrel%,maxEV,HardHit,HardHit%,Events,CStr%,CSW%,xERA,botERA,botOvr CH,botStf CH,botCmd CH,botOvr CU,botStf CU,botCmd CU,botOvr FA,botStf FA,botCmd FA,botOvr SI,botStf SI,botCmd SI,botOvr SL,botStf SL,botCmd SL,botOvr KC,botStf KC,botCmd KC,botOvr FC,botStf FC,botCmd FC,botOvr FS,botStf FS,botCmd FS,botOvr,botStf,botCmd,botxRV100,Stf+ CH,Loc+ CH,Pit+ CH,Stf+ CU,Loc+ CU,Pit+ CU,Stf+ FA,Loc+ FA,Pit+ FA,Stf+ SI,Loc+ SI,Pit+ SI,Stf+ SL,Loc+ SL,Pit+ SL,Stf+ KC,Loc+ KC,Pit+ KC,Stf+ FC,Loc+ FC,Pit+ FC,Stf+ FS,Loc+ FS,Pit+ FS,Stuff+,Location+,Pitching+,Stf+ FO,Loc+ FO,Pit+ FO
22267,2025,Tarik Skubal,DET,28,13,6,6.6,2.21,31,31,1,1,0,0,195.1,748,141,55,48,18,33,0,5,3,2,241,191,179,96,21,846,2003,2849,100,14,3,2,11.1,1.52,7.3,6.5,0.83,0.199,0.89,0.273,0.8059999999999999,2.45,1.07,0.20600000000000002,0.41,0.384,0.11699999999999999,0.10099999999999999,0.073,0.667,59.1,195.1,,,59.1,$53.1,2.65,2.66,3.97,-9.95,13.92,43.61,4.5,0.95,0.94,0.87,1.23,30,5.18,-0.98,0.532,97.5,0.125,90.0,,,0.027999999999999997,81.3,0.315,88.1,,,,,,,13.9,4.0,,-0.1,26.3,,,0.91,1.12,,-0.17,2.93,,,0.379,0.722,0.545,0.546,0.78,0.696,0.483,0.715,0.166,0,0,0,54,58,63,0.322,0.044000000000000004,2.71,4.61,-0.24,0.295,,,0.001,,0.237,0.125,0.027999999999999997,,,0.314,,,,97.6,,,89.3,,97.3,90.0,81.2,,,88.0,,,2.5,,,8.7,,8.1,-1.3,-2.4,,,9.1,,,10.1,,,4.0,,8.2,3.0,-2.8,,,4.2,,,9.2,,,-0.2,,6.3,4.1,-0.2,,,26.8,,,1.09,,,-5.96,,0.94,1.15,-0.19,,,2.99,,,0.348,0.703,0.545,0.48,0.78,0.695,0.5539999999999999,17.6,7.1,0.5,0.0,0.4,28 - 28,0.278,0.371,0.345,0.284,0.203,0.512,0.28600000000000003,2.71,0.39,0.314,,0.027999999999999997,0.294,,,,,0.239,0.124,,88.2,,81.4,97.7,,,,,97.4,90.1,,8.7,,-2.9,2.0,,,,,7.6,-1.8,,2.6,,-4.3,8.9,,,,,6.9,1.8,,26.3,,-0.2,9.8,,,,,5.9,4.2,,2.94,,-0.25,1.17,,,,,0.87,1.18,,0.348,0.698,0.545,0.484,0.775,0.6940000000000001,0.562,17.6,0.8,129,47,276,78,69,83,69,95,110,143,52,105,99,98,84,90,99,117,128,98,89,86.1,12.7,38,0.081,114.2,155,0.33,469,0.155,0.321,2.71,2.62,71.0,68.0,61.0,20.0,54.0,20.0,66.0,65.0,58.0,60.0,59.0,65.0,60.0,53.0,61.0,,,,,,,,,,69,65,64,-1.02,123.0,110.0,131.0,117.0,83.0,91.0,113.0,103.0,112.0,110.0,106.0,119.0,114.0,100.0,117.0,,,,,,,113.0,142.0,157.0,116,105,119,,,
33677,2025,Paul Skenes,PIT,23,10,10,6.5,1.97,32,32,1,0,0,0,187.2,733,136,45,41,11,42,0,6,2,0,216,207,174,86,18,1045,1952,2997,71,17,2,0,10.36,2.01,5.14,6.52,0.53,0.199,0.95,0.273,0.8240000000000001,2.36,1.19,0.184,0.44299999999999995,0.373,0.10300000000000001,0.063,0.08199999999999999,0.0,57.9,187.2,,,57.9,$52.0,2.45,3.03,5.18,-9.44,14.62,52.52,5.32,0.98,0.98,0.87,1.07,31,4.74,0.53,0.49200000000000005,98.1,0.215,84.7,,,0.047,83.9,0.109,88.8,0.136,93.7,,,,,23.8,9.8,,-4.4,8.4,4.4,,1.61,1.52,,-3.13,2.56,1.07,,0.342,0.6970000000000001,0.495,0.5870000000000001,0.809,0.722,0.431,0.608,0.138,0,0,0,46,58,74,0.295,0.057,3.1,3.4,-0.4,0.39899999999999997,,,0.136,,0.09300000000000001,0.21600000000000003,0.047,,,0.109,,,,98.2,,,93.7,,97.6,84.7,83.9,,,88.7,,,-8.8,,,-8.3,,-10.7,4.5,2.7,,,-10.2,,,6.8,,,0.4,,3.9,3.6,-1.3,,,3.5,,,21.8,,,2.9,,3.9,9.9,-4.6,,,8.3,,,1.82,,,0.71,,1.39,1.52,-3.26,,,2.54,,,0.306,0.6659999999999999,0.495,0.526,0.802,0.721,0.526,18.7,8.2,0.8,0.9,1.7,23 - 23,0.237,0.431,0.35600000000000004,0.213,0.18100000000000002,0.525,0.294,3.2,0.36700000000000005,0.109,,0.047,0.39,,,,,0.239,0.21600000000000003,,88.7,,83.9,98.2,,,,,95.5,84.7,,-9.6,,3.5,-8.1,,,,,-8.8,5.4,,2.0,,-2.6,5.9,,,,,0.7,2.4,,8.3,,-4.9,19.1,,,,,9.2,10.3,,2.52,,-3.52,1.63,,,,,1.28,1.59,,0.303,0.6659999999999999,0.495,0.517,0.802,0.7190000000000001,0.528,18.7,0.1,123,63,195,77,46,81,73,94,115,134,69,93,105,98,54,105,102,88,116,101,91,87.6,12.2,27,0.057999999999999996,115.8,188,0.401,469,0.155,0.293,2.65,3.19,54.0,57.0,54.0,52.0,53.0,50.0,60.0,52.0,59.0,60.0,57.0,44.0,66.0,61.0,58.0,,,,,,,63.0,52.0,66.0,62,56,58,-0.64,102.0,107.0,102.0,118.0,102.0,112.0,98.0,113.0,108.0,114.0,109.0,122.0,131.0,105.0,131.0,,,,,,,90.0,125.0,123.0,107,111,116,,,
20778,2025,Cristopher Sanchez,PHI,28,13,5,6.4,2.5,32,32,1,0,0,0,202.0,807,171,58,56,12,44,0,6,6,1,212,316,130,96,4,956,1941,2897,104,21,2,0,9.45,1.96,4.82,7.62,0.53,0.226,1.06,0.298,0.7979999999999999,2.55,2.43,0.177,0.583,0.24,0.031,0.092,0.066,0.0,57.3,202.0,,,57.3,$51.2,2.75,2.77,4.63,-11.64,16.27,46.69,4.7,1.03,0.97,0.87,1.2,31,3.88,0.63,0.46,95.4,0.166,85.8,,,,,0.374,86.3,,,,,0.0,,18.2,-1.0,,,19.9,,,1.37,-0.21,,,1.84,,,0.354,0.664,0.49200000000000005,0.562,0.82,0.7170000000000001,0.445,0.6559999999999999,0.139,0,0,0,58,61,68,0.263,0.055,3.02,4.63,-0.06,,,,,,0.46,0.166,,,,0.374,,,,,,,,,95.3,85.7,,,,86.3,,,,,,,,11.2,-0.2,,,,10.3,,,,,,,,2.9,0.0,,,,-0.3,,,,,,,,19.9,-0.9,,,,19.8,,,,,,,,1.49,-0.19,,,,1.82,,,0.319,0.635,0.49200000000000005,0.498,0.81,0.718,0.546,19.4,7.7,-0.3,1.6,1.3,28 - 28,0.20800000000000002,0.43,0.349,0.221,0.149,0.535,0.316,3.55,0.332,0.375,,,,,,,,0.46,0.165,0.0,86.1,,,,,,,,95.3,85.5,104.2,9.9,,,,,,,,10.7,-0.9,0.0,-1.8,,,,,,,,1.7,-1.4,0.0,19.6,,,,,,,,19.8,-0.8,0.1,1.81,,,,,,,,1.49,-0.16,5.38,0.33299999999999996,0.63,0.49200000000000005,0.494,0.82,0.718,0.536,19.4,-0.9,112,61,183,90,46,93,82,102,111,120,66,89,138,63,79,105,100,91,95,103,97,89.0,3.0,31,0.057,115.2,217,0.39799999999999996,545,0.175,0.314,3.02,3.04,65.0,59.0,56.0,,,,,,,59.0,56.0,58.0,57.0,53.0,58.0,,,,,,,,,,64,60,60,-0.75,117.0,102.0,118.0,,,,,,,114.0,99.0,115.0,111.0,105.0,119.0,,,,,,,,,,114,101,117,,,
27463,2025,Garrett Crochet,BOS,26,18,5,5.8,2.59,32,32,1,1,0,0,205.1,814,165,62,59,24,46,0,3,7,3,255,243,170,90,19,1037,2114,3151,120,13,6,1,11.18,2.02,5.54,7.23,1.05,0.216,1.03,0.29,0.843,2.89,1.43,0.179,0.483,0.33799999999999997,0.11199999999999999,0.141,0.053,0.16699999999999998,52.8,205.1,,,52.8,$46.2,3.03,2.64,4.93,-11.24,16.17,44.74,4.54,1.0,0.97,0.87,1.12,31,4.14,0.8,0.52,96.3,0.159,82.8,0.278,90.9,,,0.043,87.8,,,,,,,3.3,13.8,10.2,,2.2,,,0.2,2.75,1.16,,1.62,,,0.359,0.703,0.515,0.562,0.841,0.7340000000000001,0.45299999999999996,0.636,0.13699999999999998,0,0,0,61,68,63,0.313,0.057,2.86,5.26,-0.3,0.36200000000000004,,0.278,,,0.158,0.159,,,,0.043,,,,96.4,,90.9,,,96.0,82.7,,,,87.7,,,5.4,,-1.3,,,10.0,-7.1,,,,7.3,,,9.4,,3.9,,,5.0,-1.3,,,,4.0,,,-9.1,,10.5,,,13.3,14.0,,,,2.2,,,-0.8,,1.2,,,2.67,2.8,,,,1.66,,,0.322,0.675,0.516,0.46799999999999997,0.836,0.732,0.55,17.4,7.3,-0.2,1.7,1.5,26 - 26,0.257,0.424,0.34600000000000003,0.23,0.177,0.499,0.324,2.96,0.39899999999999997,0.043,,,0.36,0.253,,,,0.159,0.185,,87.8,,,96.5,91.2,,,,96.1,83.5,,6.8,,,4.6,-2.1,,,,9.3,-7.3,,2.5,,,8.3,2.9,,,,3.8,-2.7,,2.2,,,-8.8,8.7,,,,13.5,15.8,,1.66,,,-0.78,1.09,,,,2.69,2.7,,0.327,0.67,0.516,0.484,0.831,0.732,0.552,17.4,0.3,130,62,209,87,87,90,80,101,115,139,67,91,117,86,117,103,99,95,112,96,101,87.7,10.5,37,0.073,115.5,190,0.373,510,0.154,0.29,2.88,3.13,42.0,44.0,45.0,,,,59.0,63.0,51.0,59.0,61.0,52.0,53.0,59.0,49.0,,,,67.0,66.0,60.0,,,,63,62,58,-0.68,102.0,94.0,88.0,,,,112.0,94.0,102.0,102.0,110.0,118.0,141.0,100.0,117.0,,,,117.0,101.0,123.0,,,,116,99,112,,,
17995,2025,Logan Webb,SFG,28,15,11,5.5,3.22,34,34,0,0,0,0,207.0,856,210,82,74,14,46,0,6,2,0,224,304,142,125,12,1117,2165,3282,125,16,8,2,9.74,2.0,4.87,9.13,0.61,0.261,1.24,0.346,0.743,2.6,2.14,0.21899999999999997,0.532,0.249,0.085,0.099,0.053,0.25,50.7,207.0,,,50.7,$44.2,3.05,2.78,1.67,-14.45,16.12,19.48,1.99,1.04,0.92,0.87,0.94,34,1.61,0.0,0.413,92.6,0.266,84.7,0.08,91.1,,,0.24100000000000002,86.5,,,,,,,9.1,-4.4,-5.8,,9.2,,,0.67,-0.5,-2.21,,1.16,,,0.32899999999999996,0.645,0.46,0.59,0.8959999999999999,0.768,0.415,0.6829999999999999,0.107,0,0,0,78,66,68,0.262,0.054000000000000006,3.14,5.43,0.61,0.078,,0.079,,,0.336,0.266,,,,0.24100000000000002,,,,92.8,,91.1,,,92.6,84.6,,,,86.5,,,-5.7,,-1.8,,,-9.7,7.6,,,,-5.4,,,5.8,,4.2,,,0.2,-0.3,,,,-3.1,,,0.8,,-4.1,,,9.3,-3.8,,,,12.1,,,0.31,,-1.6,,,0.85,-0.43,,,,1.53,,,0.319,0.599,0.46,0.557,0.8809999999999999,0.769,0.503,16.5,4.3,-2.7,1.4,-1.3,28 - 28,0.20800000000000002,0.39399999999999996,0.364,0.242,0.149,0.575,0.276,3.55,0.332,0.24100000000000002,,,0.079,0.076,,,,0.33799999999999997,0.266,,86.5,,,92.7,91.0,,,,92.6,84.6,,-5.0,,,-5.1,-1.1,,,,-9.2,8.4,,-4.3,,,5.2,3.4,,,,-0.8,-1.5,,11.5,,,0.6,-3.3,,,,8.3,-3.3,,1.46,,,0.25,-1.34,,,,0.75,-0.38,,0.32,0.597,0.46,0.5479999999999999,0.885,0.769,0.505,16.5,4.3,116,63,185,108,53,107,95,119,104,119,65,110,126,65,84,96,104,100,95,111,85,89.7,5.6,48,0.083,116.8,233,0.402,580,0.19699999999999998,0.304,3.58,3.35,64.0,50.0,63.0,,,,36.0,34.0,47.0,57.0,50.0,62.0,63.0,64.0,58.0,,,,46.0,48.0,48.0,,,,61,55,63,-0.54,111.0,107.0,120.0,,,,103.0,104.0,72.0,114.0,101.0,116.0,93.0,116.0,112.0,,,,86.0,109.0,94.0,,,,105,107,111,,,
19959,2025,Jesus Luzardo,PHI,27,15,7,5.3,3.92,32,32,0,0,0,0,183.2,758,167,85,80,16,57,0,3,2,1,216,204,177,96,17,1060,1955,3015,129,15,5,2,10.58,2.79,3.79,8.18,0.78,0.239,1.22,0.324,0.6940000000000001,2.9,1.15,0.201,0.428,0.371,0.096,0.09,0.07400000000000001,0.4,48.7,183.2,,,48.7,$42.7,3.15,3.25,1.7,-11.64,13.34,10.12,0.98,0.96,0.91,0.87,1.27,32,2.58,-0.8,0.441,96.4,0.386,86.2,,,,,0.17300000000000001,87.9,,,,,0.001,,-2.9,13.4,,,5.2,,,-0.22,1.15,,,1.01,,,0.33399999999999996,0.664,0.47700000000000004,0.526,0.8420000000000001,0.7170000000000001,0.433,0.674,0.135,0,0,0,92,69,79,0.285,0.075,3.4,6.32,1.02,0.341,,,,,0.1,0.386,,,,0.17300000000000001,,,,96.5,,,,,95.8,86.2,,,,87.9,,,7.7,,,,,10.5,-3.3,,,,10.1,,,8.3,,,,,5.0,0.3,,,,4.4,,,-3.9,,,,,1.4,13.5,,,,5.4,,,-0.38,,,,,0.47,1.16,,,,1.04,,,0.301,0.636,0.47700000000000004,0.447,0.8320000000000001,0.716,0.524,16.9,3.3,-1.2,-0.8,-2.0,27 - 27,0.21,0.41700000000000004,0.342,0.24100000000000002,0.162,0.517,0.322,3.53,0.381,0.17300000000000001,,0.006,0.33399999999999996,,,,,0.10800000000000001,0.38,,87.7,,86.8,96.4,,,,,95.7,86.0,,9.6,,-3.0,7.0,,,,,9.9,-4.2,,3.1,,-4.9,7.3,,,,,3.9,-1.1,,5.4,,-0.8,-0.5,,,,,-2.2,14.3,,1.03,,-4.47,-0.05,,,,,-0.68,1.25,,0.304,0.632,0.47700000000000004,0.442,0.8340000000000001,0.716,0.528,16.9,-0.9,126,88,144,97,68,98,94,111,97,130,90,101,101,98,77,102,98,100,103,100,99,88.5,13.1,32,0.066,112.0,179,0.371,482,0.171,0.306,3.33,3.18,64.0,50.0,66.0,,,,55.0,53.0,56.0,64.0,57.0,61.0,62.0,62.0,53.0,,,,,,,,,,62,59,60,-0.65,95.0,114.0,113.0,,,,86.0,107.0,94.0,104.0,117.0,129.0,118.0,113.0,126.0,,,,,,,,,,102,112,113,,,
33825,2025,Yoshinobu Yamamoto,LAD,26,12,8,5.0,2.49,30,30,0,0,0,0,173.2,684,113,53,48,14,59,0,3,5,0,201,220,130,67,14,1004,1788,2792,68,11,4,2,10.42,3.06,3.41,5.86,0.73,0.182,0.99,0.243,0.785,2.94,1.69,0.161,0.528,0.312,0.10800000000000001,0.10800000000000001,0.05,0.5,45.6,173.2,,,45.6,$40.0,2.8,3.05,4.01,-8.64,12.65,33.14,3.35,0.96,0.95,0.88,1.02,30,4.31,-0.12,0.43200000000000005,95.3,0.028999999999999998,86.4,0.11,91.2,0.17600000000000002,76.9,,,0.253,91.0,,,0.001,,17.0,0.6,6.1,4.9,,9.9,,1.41,0.69,1.99,1.01,,1.41,,0.33399999999999996,0.65,0.466,0.562,0.846,0.7290000000000001,0.42100000000000004,0.618,0.126,0,0,0,59,70,74,0.294,0.086,3.32,3.52,-0.45,0.35600000000000004,,0.11,0.254,,0.075,0.028999999999999998,0.17600000000000002,,,,,,,95.4,,91.1,90.9,,94.8,86.4,76.8,,,,,,-4.5,,1.3,-6.9,,-8.1,2.7,6.4,,,,,,9.3,,4.6,1.5,,7.0,0.6,-9.4,,,,,,16.6,,5.7,10.2,,1.8,0.8,5.0,,,,,,1.67,,1.87,1.44,,0.87,0.99,1.03,,,,,,0.301,0.62,0.466,0.47700000000000004,0.84,0.727,0.518,18.5,6.1,1.7,-0.6,1.1,26 - 26,0.20800000000000002,0.406,0.32799999999999996,0.266,0.166,0.53,0.304,3.55,0.401,,,0.17600000000000002,0.355,0.111,0.253,,,0.076,0.028999999999999998,,,,76.8,95.3,91.1,90.9,,,94.7,86.3,,,,7.0,-4.0,2.0,-6.6,,,-7.9,3.5,,,,-11.0,8.4,3.6,0.1,,,6.0,-0.7,,,,5.0,17.9,6.1,9.8,,,0.6,0.6,,,,1.02,1.81,1.96,1.39,,,0.28,0.74,,0.311,0.614,0.466,0.48700000000000004,0.843,0.727,0.512,18.5,-1.1,124,96,129,69,63,74,76,84,110,134,104,81,125,82,92,99,94,110,106,102,94,88.3,7.7,24,0.057,117.6,167,0.397,421,0.17300000000000001,0.3,2.72,3.49,,,,67.0,53.0,64.0,57.0,49.0,62.0,42.0,44.0,42.0,58.0,55.0,58.0,,,,64.0,49.0,69.0,60.0,55.0,63.0,59,50,63,-0.44,,,,88.0,113.0,102.0,95.0,110.0,106.0,104.0,95.0,106.0,106.0,104.0,100.0,,,,91.0,116.0,123.0,109.0,111.0,119.0,98,110,110,,,
13743,2025,Max Fried,NYY,31,19,5,4.8,2.86,32,32,0,0,0,0,195.1,801,164,73,62,14,51,0,10,8,1,189,286,161,99,10,1136,1974,3110,158,33,5,1,8.71,2.35,3.71,7.56,0.65,0.222,1.1,0.279,0.74,3.07,1.78,0.18100000000000002,0.524,0.295,0.062,0.087,0.115,0.2,44.4,195.1,,,44.4,$38.2,3.18,3.41,2.06,-11.55,13.62,24.52,2.45,0.93,0.87,0.88,1.04,32,2.49,-0.27,0.5820000000000001,94.3,0.135,82.1,,,0.17300000000000001,75.3,0.11,85.3,,,,,0.0,,16.5,0.6,,2.4,1.1,,,0.91,0.13,,0.45,0.32,,,0.31,0.679,0.46799999999999997,0.61,0.848,0.758,0.428,0.603,0.113,0,0,0,71,72,81,0.23600000000000002,0.064,3.6,7.28,-0.21,0.124,,0.28,,,0.177,0.135,0.17300000000000001,,,0.11,,,,95.8,,93.6,,,94.0,82.1,75.2,,,85.2,,,2.2,,-0.3,,,6.1,-8.3,-5.7,,,8.0,,,8.8,,5.4,,,2.8,-1.7,-9.7,,,2.2,,,2.4,,11.0,,,3.8,0.4,3.6,,,1.9,,,0.63,,1.27,,,0.69,0.1,0.66,,,0.57,,,0.271,0.653,0.46799999999999997,0.528,0.847,0.758,0.517,20.6,4.6,0.2,-0.4,-0.1,31 - 31,0.172,0.43,0.354,0.21600000000000003,0.214,0.508,0.278,3.98,0.317,0.11,,0.172,0.12,0.28800000000000003,,,,0.17600000000000002,0.134,,85.1,,75.1,95.8,93.5,,,,93.9,81.9,,7.7,,-6.3,1.7,-0.9,,,,5.7,-9.2,,0.9,,-11.7,7.9,4.2,,,,1.5,-3.3,,1.8,,3.3,2.6,11.2,,,,3.7,-0.1,,0.51,,0.62,0.71,1.26,,,,0.68,-0.02,,0.276,0.6509999999999999,0.46799999999999997,0.528,0.85,0.757,0.512,20.6,2.0,101,73,140,91,54,92,86,97,101,105,75,93,127,75,72,105,102,89,136,98,86,87.2,6.9,38,0.069,113.8,205,0.37200000000000005,551,0.166,0.27899999999999997,3.37,3.79,58.0,56.0,54.0,56.0,65.0,46.0,56.0,54.0,51.0,51.0,64.0,45.0,47.0,61.0,40.0,,,,60.0,58.0,55.0,,,,56,59,47,-0.24,104.0,105.0,111.0,116.0,102.0,110.0,106.0,110.0,107.0,112.0,104.0,121.0,118.0,88.0,105.0,,,,110.0,101.0,118.0,,,,111,102,113,,,
25880,2025,Hunter Brown,HOU,26,12,9,4.6,2.43,31,31,1,0,0,0,185.1,729,133,55,50,17,57,1,7,0,1,206,220,149,88,14,1132,1832,2964,83,10,2,0,10.0,2.77,3.61,6.46,0.83,0.2,1.03,0.262,0.82,3.14,1.48,0.193,0.48100000000000004,0.326,0.094,0.114,0.045,0.0,42.6,185.1,,,42.6,$36.6,3.28,3.19,3.43,-10.32,13.75,34.9,3.6,0.97,0.93,0.88,1.11,30,3.02,0.52,0.601,96.3,0.044000000000000004,90.6,0.055999999999999994,92.7,0.179,83.6,0.12,88.2,,,,,0.002,,22.2,1.1,-1.0,9.5,2.3,,,1.25,0.88,-0.58,1.79,0.64,,,0.316,0.633,0.445,0.618,0.8390000000000001,0.746,0.405,0.557,0.113,0,0,0,60,75,76,0.28300000000000003,0.078,3.39,4.03,-0.71,0.38,,0.055,,,0.221,0.044000000000000004,,0.179,,0.12,,,,96.6,,92.6,,,95.7,90.5,,83.5,,88.2,,,-4.5,,1.1,,,-8.5,1.5,,2.2,,-8.8,,,10.2,,4.7,,,8.0,3.4,,-8.8,,4.9,,,15.5,,-1.1,,,8.0,1.3,,9.4,,2.4,,,1.37,,-0.66,,,1.22,0.99,,1.77,,0.67,,,0.28600000000000003,0.612,0.445,0.573,0.831,0.746,0.486,20.0,6.5,0.9,1.0,1.9,26 - 26,0.204,0.386,0.359,0.255,0.198,0.521,0.281,3.59,0.384,0.11900000000000001,,0.179,0.374,0.015,,,,0.228,0.084,,88.2,,83.5,96.6,93.5,,,,95.7,91.4,,-8.3,,2.9,-3.9,1.8,,,,-8.1,2.1,,3.4,,-10.7,9.0,4.8,,,,6.6,2.2,,2.0,,9.4,14.8,-3.5,,,,9.0,3.8,,0.56,,1.77,1.34,-7.84,,,,1.33,1.53,,0.295,0.608,0.445,0.581,0.83,0.7440000000000001,0.478,20.0,-0.7,117,85,136,78,68,83,80,91,112,126,92,98,116,83,95,94,103,106,125,100,87,86.1,10.1,27,0.059000000000000004,114.3,148,0.322,459,0.17,0.28300000000000003,3.15,4.42,50.0,53.0,48.0,,,,51.0,55.0,45.0,52.0,53.0,48.0,50.0,42.0,58.0,45.0,56.0,43.0,42.0,51.0,53.0,,,,49,51,47,0.18,90.0,95.0,95.0,,,,112.0,91.0,98.0,115.0,99.0,118.0,93.0,107.0,112.0,104.0,95.0,100.0,102.0,99.0,99.0,,,,107,95,103,,,
14107,2025,Kevin Gausman,TOR,34,10,11,4.1,3.59,32,32,1,1,0,0,193.0,775,155,79,77,21,50,2,3,1,2,189,193,221,112,19,988,2042,3030,94,11,5,1,8.81,2.33,3.78,7.23,0.98,0.215,1.06,0.262,0.722,3.41,0.87,0.213,0.36700000000000005,0.42,0.086,0.095,0.057,0.2,38.7,193.0,,,38.7,$32.8,3.72,3.77,1.51,-12.14,13.65,16.55,1.65,0.96,0.91,0.88,0.97,31,3.01,-1.44,0.5379999999999999,94.5,0.087,83.2,,,,,,,0.375,84.9,,,0.003,,19.4,-3.9,,,,7.9,,1.19,-1.5,,,,0.7,,0.34600000000000003,0.73,0.515,0.598,0.85,0.755,0.44,0.688,0.126,0,0,0,88,80,90,0.244,0.065,3.79,4.38,0.18,0.537,,,0.375,,0.001,0.087,,,,,,,,94.5,,,84.9,,93.7,83.2,,,,,,,-7.1,,,-9.7,,-11.8,0.1,,,,,,,10.0,,,2.9,,11.0,1.3,,,,,,,20.3,,,9.3,,0.2,-4.0,,,,,,,1.25,,,0.82,,10.17,-1.51,,,,,,,0.31,0.701,0.516,0.5479999999999999,0.8390000000000001,0.755,0.525,20.5,3.9,1.0,-1.2,-0.2,34 - 34,0.179,0.36,0.33299999999999996,0.307,0.151,0.488,0.36200000000000004,3.89,0.335,,,,0.537,,0.375,,,0.001,0.087,,,,,94.5,,84.8,,,93.7,83.2,,,,,-6.5,,-9.0,,,-8.9,0.9,,,,,8.8,,1.4,,,8.2,-0.2,,,,,21.3,,9.2,,,0.3,-3.9,,,,,1.31,,0.81,,,15.76,-1.48,,0.313,0.701,0.516,0.542,0.843,0.755,0.521,20.5,1.8,103,72,143,87,81,89,83,91,99,108,76,109,89,108,79,87,96,127,95,94,112,89.3,16.5,45,0.084,116.5,220,0.413,533,0.158,0.284,3.73,3.36,,,,,,,63.0,50.0,67.0,20.0,54.0,20.0,36.0,45.0,36.0,,,,,,,60.0,59.0,60.0,61,54,61,-0.53,,,,,,,97.0,104.0,100.0,119.0,82.0,113.0,94.0,91.0,88.0,,,,,,,105.0,105.0,108.0,100,103,102,,,
17295,2025,Framber Valdez,HOU,31,13,11,4.0,3.66,31,31,2,0,0,0,192.0,802,171,82,78,15,68,0,7,12,1,187,313,122,99,8,1035,1863,2898,79,21,6,2,8.77,3.19,2.75,8.02,0.7,0.235,1.24,0.297,0.7290000000000001,3.37,2.57,0.185,0.586,0.228,0.066,0.12300000000000001,0.067,0.33299999999999996,37.9,192.0,,,37.9,$32.1,3.58,3.34,1.49,-12.81,14.3,10.87,1.14,0.98,0.89,0.87,1.09,29,0.52,1.0,0.457,94.3,,,0.031,84.4,0.331,79.5,0.18,89.9,,,,,0.002,,12.2,,0.8,-0.2,-0.5,,,0.92,,0.83,-0.02,-0.09,,,0.33399999999999996,0.652,0.47,0.5660000000000001,0.885,0.755,0.428,0.62,0.115,0,0,0,90,81,79,0.233,0.085,3.66,3.7,0.28,0.015,,,,,0.44,0.031,0.331,,,0.182,,,,93.7,,,,,94.3,84.4,79.4,,,89.9,,,4.3,,,,,9.4,-1.8,-7.3,,,8.6,,,4.9,,,,,3.8,-1.2,-8.3,,,0.9,,,-0.5,,,,,16.0,0.8,-0.2,,,1.1,,,-1.21,,,,,1.26,0.87,-0.02,,,0.2,,,0.318,0.615,0.469,0.502,0.882,0.755,0.508,19.8,3.7,-0.6,0.3,-0.3,31 - 31,0.14800000000000002,0.402,0.38299999999999995,0.215,0.124,0.53,0.34600000000000003,4.26,0.337,0.18,,0.331,0.002,0.002,,,,0.45399999999999996,0.031,,89.8,,79.4,95.4,92.5,,,,94.2,84.4,,8.5,,-7.7,4.2,0.5,,,,9.2,-2.2,,-0.7,,-10.2,7.6,2.1,,,,2.4,-2.8,,1.1,,-0.2,-1.8,0.3,,,,16.9,0.6,,0.22,,-0.03,-25.78,6.86,,,,1.29,0.69,,0.321,0.61,0.469,0.491,0.889,0.7559999999999999,0.511,19.8,-0.7,102,98,104,97,58,98,97,104,100,104,100,95,142,58,102,98,110,89,79,102,108,90.8,2.7,36,0.067,115.9,250,0.46299999999999997,540,0.17,0.285,3.77,3.65,53.0,45.0,52.0,63.0,73.0,50.0,50.0,44.0,55.0,55.0,49.0,57.0,44.0,45.0,44.0,,,,,,,,,,57,57,54,-0.34,101.0,100.0,103.0,128.0,88.0,113.0,82.0,88.0,74.0,96.0,109.0,111.0,116.0,93.0,99.0,,,,,,,,,,108,99,109,,,
29911,2025,Andrew Abbott,CIN,26,10,7,3.9,2.87,29,29,1,1,0,0,166.1,684,148,60,53,19,43,0,3,4,0,149,153,230,98,34,904,1773,2677,86,11,8,2,8.06,2.33,3.47,8.01,1.03,0.232,1.15,0.274,0.8,3.66,0.67,0.204,0.318,0.478,0.14800000000000002,0.083,0.07200000000000001,0.25,36.7,166.1,,,36.7,$31.4,3.93,4.31,2.94,-10.64,13.57,28.03,2.82,1.02,0.95,0.88,1.12,28,2.13,0.74,0.47200000000000003,92.8,0.139,82.8,0.043,88.7,0.15,81.0,0.196,84.9,,,,,,,12.0,0.7,-2.8,2.2,4.2,,,0.95,0.18,-2.42,0.54,0.81,,,0.34700000000000003,0.6920000000000001,0.49700000000000005,0.677,0.846,0.78,0.436,0.635,0.109,0,0,0,65,84,104,0.218,0.063,4.2,4.65,-0.79,0.47200000000000003,,0.043,,,,0.138,0.151,,,0.196,,,,92.8,,88.6,,,,82.8,81.0,,,84.8,,,5.9,,0.5,,,,-5.6,-5.0,,,9.2,,,9.5,,5.0,,,,2.2,-1.6,,,6.1,,,12.0,,-2.8,,,,0.0,2.8,,,4.4,,,0.95,,-2.42,,,,0.0,0.69,,,0.84,,,0.28800000000000003,0.6709999999999999,0.49700000000000005,0.61,0.84,0.779,0.545,17.8,5.1,0.7,0.5,1.1,26 - 26,0.155,0.344,0.37,0.28600000000000003,0.17,0.56,0.27,4.19,0.308,0.196,,0.114,0.47200000000000003,0.043,,,,,0.175,,84.7,,80.4,92.7,88.5,,,,,82.5,,8.8,,-5.0,5.3,-0.4,,,,,-7.0,,4.8,,-3.5,8.4,3.9,,,,,0.2,,4.4,,-0.4,12.0,-2.7,,,,,3.1,,0.84,,-0.12,0.95,-2.34,,,,,0.66,,0.28600000000000003,0.67,0.49700000000000005,0.599,0.8420000000000001,0.779,0.55,17.8,-0.7,96,73,131,95,89,95,89,94,112,99,76,103,75,126,71,84,106,119,108,108,83,87.8,19.2,39,0.08,111.1,165,0.337,489,0.162,0.272,3.55,3.88,50.0,42.0,53.0,64.0,53.0,63.0,54.0,47.0,58.0,,,,64.0,62.0,60.0,,,,55.0,48.0,57.0,,,,55,47,59,-0.18,92.0,103.0,99.0,96.0,105.0,99.0,94.0,103.0,95.0,,,,116.0,103.0,110.0,,,,92.0,105.0,106.0,,,,97,104,99,,,
15454,2025,Nick Pivetta,SDP,32,13,5,3.7,2.87,31,31,0,0,0,0,181.2,721,129,63,58,22,50,1,3,1,0,190,159,227,88,21,976,1876,2852,93,9,4,2,9.41,2.48,3.8,6.39,1.09,0.193,0.99,0.235,0.787,3.49,0.7,0.18600000000000003,0.335,0.479,0.09300000000000001,0.09699999999999999,0.057,0.5,34.7,181.2,,,34.7,$29.4,3.33,3.85,2.58,-9.12,11.7,27.04,2.89,0.9,0.89,0.87,1.05,31,3.6,-0.72,0.505,93.8,0.18600000000000003,82.0,0.084,90.0,0.223,79.0,,,0.002,87.4,,,0.002,,16.4,6.3,4.2,3.6,,0.1,,1.14,1.18,1.76,0.56,,1.87,,0.318,0.66,0.475,0.66,0.847,0.779,0.45899999999999996,0.634,0.105,0,0,0,71,85,93,0.264,0.069,3.69,4.61,-0.62,0.46,,0.08900000000000001,0.002,,0.04,0.18600000000000003,0.22399999999999998,,,,,,,93.8,,90.2,87.3,,93.8,81.9,79.0,,,,,,-1.8,,2.1,-7.4,,-5.8,7.0,3.8,,,,,,11.7,,6.5,8.3,,11.1,2.1,-9.4,,,,,,15.4,,4.1,0.1,,3.0,6.0,4.0,,,,,,1.17,,1.62,1.87,,2.66,1.14,0.63,,,,,,0.289,0.635,0.47600000000000003,0.613,0.843,0.779,0.539,18.6,5.1,2.3,-0.9,1.4,32 - 32,0.19399999999999998,0.4,0.366,0.23399999999999999,0.136,0.5710000000000001,0.293,3.72,0.363,,,0.22399999999999998,0.479,0.08800000000000001,0.002,,,0.021,0.18600000000000003,,,,79.0,93.9,90.2,87.4,,,93.3,82.0,,,,4.3,-1.4,2.8,-6.8,,,-5.8,7.8,,,,-11.3,10.3,5.0,6.3,,,8.6,0.4,,,,4.0,19.6,4.0,0.1,,,-0.7,5.9,,,,0.63,1.43,1.6,1.87,,,-1.08,1.1,,0.29100000000000004,0.633,0.47600000000000003,0.61,0.846,0.779,0.54,18.6,0.3,112,78,144,75,94,79,76,81,110,120,83,94,80,126,83,98,105,97,87,110,90,90.3,19.1,52,0.109,115.5,215,0.45,478,0.18100000000000002,0.28600000000000003,3.97,3.72,,,,61.0,46.0,62.0,58.0,55.0,51.0,41.0,38.0,48.0,55.0,55.0,49.0,,,,42.0,43.0,50.0,27.0,39.0,39.0,57,48,55,-0.29,,,,95.0,118.0,104.0,96.0,109.0,104.0,90.0,84.0,72.0,114.0,104.0,113.0,,,,83.0,106.0,99.0,80.0,92.0,54.0,98,109,104,,,
18679,2025,Freddy Peralta,MIL,29,17,6,3.6,2.7,33,33,0,0,0,0,176.2,723,124,54,53,21,66,0,9,4,2,204,164,201,75,29,1187,1902,3089,110,9,3,0,10.39,3.36,3.09,6.32,1.07,0.191,1.08,0.243,0.855,3.64,0.82,0.17,0.373,0.457,0.14400000000000002,0.10400000000000001,0.055,0.0,34.3,176.2,,,34.3,$29.0,3.4,3.85,3.52,-9.9,13.43,32.8,3.36,0.99,0.94,0.88,1.1,33,2.96,0.6,0.535,94.8,0.09699999999999999,83.7,,,0.156,78.9,0.212,89.0,,,,,0.001,,11.5,3.2,,3.0,8.5,,,0.7,1.07,,0.62,1.29,,,0.319,0.701,0.466,0.574,0.831,0.723,0.387,0.633,0.129,0,0,0,65,88,93,0.282,0.091,3.68,5.6,-0.94,0.535,,,,,,0.094,0.158,,,0.212,,,,94.8,,,,,,83.7,78.8,,,88.9,,,-3.6,,,,,,1.8,2.1,,,-10.6,,,9.6,,,,,,3.4,-3.3,,,2.3,,,12.5,,,,,,3.0,3.1,,,8.6,,,0.76,,,,,,1.02,0.63,,,1.31,,,0.295,0.667,0.467,0.516,0.8290000000000001,0.723,0.462,18.4,6.1,1.8,0.7,2.5,29 - 29,0.191,0.37200000000000005,0.34299999999999997,0.284,0.19,0.526,0.284,3.76,0.402,0.212,,0.151,0.535,,,,,,0.10099999999999999,,88.8,,78.7,94.7,,,,,,83.3,,-9.8,,2.9,-2.7,,,,,,3.2,,1.0,,-4.8,8.7,,,,,,1.8,,8.6,,2.7,12.7,,,,,,3.3,,1.31,,0.58,0.77,,,,,,1.07,,0.29600000000000004,0.665,0.467,0.517,0.8290000000000001,0.723,0.46299999999999997,18.4,-0.5,124,105,117,75,93,78,83,84,119,129,110,86,88,120,89,91,98,118,121,101,88,88.0,18.1,41,0.092,117.9,153,0.345,444,0.14800000000000002,0.276,3.42,3.94,45.0,63.0,50.0,55.0,55.0,51.0,60.0,64.0,51.0,,,,53.0,60.0,54.0,,,,,,,,,,54,63,50,-0.14,79.0,110.0,101.0,106.0,114.0,114.0,108.0,102.0,109.0,,,,113.0,90.0,97.0,,,,,,,,,,102,104,107,,,
30279,2025,Bryan Woo,SEA,25,15,7,3.6,2.94,30,30,0,0,0,0,186.2,731,137,64,61,26,36,0,4,3,0,198,199,203,86,26,877,1837,2714,115,12,5,0,9.55,1.74,5.5,6.61,1.25,0.198,0.93,0.238,0.804,3.47,0.98,0.17600000000000002,0.408,0.41600000000000004,0.128,0.128,0.06,0.0,34.4,186.2,,,34.4,$28.9,3.15,3.33,1.66,-10.34,12.0,22.04,2.46,0.89,0.88,0.88,1.0,30,2.26,-0.38,0.728,95.7,0.2,86.9,,,,,0.071,89.7,,,,,,,32.4,1.5,,,-2.7,,,1.64,0.28,,,-1.41,,,0.336,0.743,0.531,0.623,0.838,0.767,0.479,0.665,0.124,0,0,0,77,86,79,0.271,0.049,3.3,5.54,-0.53,0.473,,,,,0.256,0.2,,,,0.071,,,,95.7,,,,,95.4,86.8,,,,89.6,,,-6.0,,,,,-9.9,3.3,,,,-9.7,,,8.4,,,,,3.5,2.6,,,,2.8,,,26.1,,,,,8.3,1.5,,,,-2.7,,,2.03,,,,,1.2,0.28,,,,-1.37,,,0.303,0.701,0.531,0.589,0.823,0.7659999999999999,0.574,20.4,4.8,2.0,-0.8,1.2,25 - 25,0.222,0.34299999999999997,0.375,0.282,0.193,0.49700000000000005,0.31,3.39,0.35600000000000004,0.07,,,0.47200000000000003,,,,,0.258,0.2,,89.6,,,95.7,,,,,95.4,86.8,,-9.4,,,-5.6,,,,,-9.6,4.0,,1.6,,,7.7,,,,,2.5,1.5,,-2.8,,,26.0,,,,,8.5,1.5,,-1.46,,,2.03,,,,,1.22,0.28,,0.309,0.6970000000000001,0.531,0.588,0.823,0.764,0.5720000000000001,20.4,1.0,111,54,208,80,104,82,72,83,110,120,58,90,99,106,107,83,108,117,122,96,96,89.1,13.8,45,0.091,120.4,206,0.418,493,0.14400000000000002,0.268,3.07,3.19,46.0,49.0,55.0,,,,61.0,53.0,61.0,66.0,63.0,61.0,50.0,56.0,51.0,,,,,,,,,,62,54,64,-0.64,81.0,103.0,81.0,,,,105.0,112.0,113.0,107.0,115.0,122.0,110.0,99.0,102.0,,,,,,,,,,105,110,111,,,
12768,2025,Sonny Gray,STL,35,14,8,3.6,4.28,32,32,1,1,0,0,180.2,753,185,93,86,25,38,0,3,2,0,201,222,173,111,17,923,1801,2724,114,20,2,1,10.01,1.89,5.29,9.22,1.25,0.26,1.23,0.329,0.696,3.39,1.28,0.21899999999999997,0.439,0.342,0.098,0.145,0.09,0.5,33.8,180.2,,,33.8,$28.5,3.7,3.07,0.32,-12.58,12.9,-2.12,-0.18,0.96,0.91,0.87,1.11,31,0.35,-0.01,0.39799999999999996,92.0,0.212,85.1,0.12300000000000001,87.9,0.184,80.3,0.084,86.2,,,,,0.002,,-10.0,8.1,-1.6,6.7,-5.6,,,-0.93,1.41,-0.48,1.33,-2.46,,,0.33899999999999997,0.654,0.47200000000000003,0.541,0.887,0.743,0.42200000000000004,0.647,0.121,0,0,0,104,84,75,0.267,0.05,3.29,5.68,0.89,0.223,,0.127,,,0.174,0.209,0.183,0.001,,0.084,,,,91.7,,87.8,,,92.4,85.0,80.3,74.9,,86.2,,,0.5,,2.5,,,-6.4,7.7,7.1,7.8,,-8.0,,,6.0,,1.3,,,5.0,-1.9,-7.9,-8.5,,4.0,,,-6.1,,-0.7,,,-4.3,7.8,6.7,0.0,,-5.5,,,-1.0,,-0.21,,,-0.9,1.36,1.34,0.27,,-2.42,,,0.316,0.618,0.473,0.462,0.875,0.742,0.519,20.4,1.7,-1.5,-0.3,-1.9,35 - 35,0.21600000000000003,0.425,0.337,0.23800000000000002,0.179,0.48,0.341,3.45,0.35100000000000003,0.084,,0.184,0.21899999999999997,0.08,,,,0.177,0.256,,86.2,,80.3,91.7,88.4,,,,92.4,85.4,,-8.0,,7.4,0.8,2.7,,,,-6.1,7.3,,2.8,,-9.5,5.2,1.1,,,,3.8,-3.0,,-5.5,,6.4,-6.3,-0.9,,,,-2.9,7.7,,-2.4,,1.27,-1.06,-0.4,,,,-0.61,1.1,,0.317,0.618,0.47200000000000003,0.46,0.875,0.741,0.516,20.4,1.3,119,59,201,109,108,106,95,113,97,122,61,111,104,90,124,104,96,99,114,93,105,88.9,11.0,50,0.098,114.3,207,0.405,511,0.188,0.308,3.87,3.79,37.0,39.0,43.0,58.0,50.0,60.0,61.0,64.0,57.0,49.0,41.0,55.0,61.0,62.0,54.0,,,,53.0,53.0,54.0,,,,56,53,57,-0.25,80.0,91.0,79.0,91.0,100.0,98.0,85.0,104.0,99.0,97.0,105.0,101.0,123.0,104.0,114.0,,,,86.0,105.0,103.0,,,,96,102,101,,,
14078,2025,Michael Wacha,KCR,33,10,13,3.6,3.86,31,31,0,0,0,0,172.2,716,166,74,74,15,45,0,4,2,0,126,197,228,105,32,920,1746,2666,63,8,10,4,6.57,2.35,2.8,8.65,0.78,0.249,1.22,0.287,0.727,3.66,0.86,0.198,0.37200000000000005,0.43,0.14,0.066,0.040999999999999995,0.4,34.5,172.2,,,34.5,$29.1,3.9,4.56,2.04,-10.96,12.99,20.27,2.02,0.99,0.93,0.87,1.16,31,1.47,0.59,0.396,93.1,0.122,84.9,0.15,88.2,0.077,75.2,0.254,79.9,,,,,,,-3.8,-0.4,1.3,-1.2,15.9,,,-0.36,-0.12,0.32,-0.57,2.35,,,0.318,0.715,0.5,0.6990000000000001,0.861,0.805,0.46,0.633,0.098,0,0,0,91,88,109,0.17600000000000002,0.063,4.61,3.28,0.2,0.29,,0.154,,,0.107,0.11800000000000001,0.077,,,0.254,,,,93.0,,88.1,,,93.2,84.8,75.1,,,79.8,,,-4.3,,0.5,,,-7.8,1.7,6.0,,,-7.8,,,10.7,,5.6,,,9.0,2.7,-6.7,,,4.7,,,1.0,,1.5,,,-4.4,-0.1,-1.0,,,16.4,,,0.13,,0.36,,,-1.53,-0.04,-0.47,,,2.42,,,0.27699999999999997,0.685,0.501,0.639,0.86,0.805,0.55,17.6,3.6,-0.1,0.1,0.0,33 - 33,0.113,0.415,0.34299999999999997,0.243,0.16899999999999998,0.539,0.293,4.69,0.26,0.254,,0.077,0.271,0.15,,,,0.125,0.122,0.0,80.1,,75.3,93.3,88.4,,,,93.4,85.1,32.4,-7.6,,6.6,-3.8,1.0,,,,-7.1,2.3,0.0,2.9,,-8.5,9.4,4.5,,,,7.8,1.3,0.0,16.4,,-1.0,2.5,2.7,,,,-5.8,-1.0,0.0,2.42,,-0.47,0.34,0.68,,,,-1.73,-0.32,-3.51,0.281,0.6779999999999999,0.502,0.654,0.853,0.8029999999999999,0.556,17.6,-0.7,77,72,106,104,65,103,95,100,100,78,74,101,90,110,55,101,99,101,107,104,91,87.5,17.7,40,0.07400000000000001,113.9,187,0.34600000000000003,541,0.152,0.249,4.17,4.13,76.0,64.0,69.0,33.0,45.0,35.0,46.0,38.0,51.0,45.0,27.0,60.0,44.0,30.0,59.0,,,,46.0,39.0,57.0,,,,52,43,59,-0.02,132.0,102.0,130.0,92.0,87.0,74.0,86.0,99.0,83.0,89.0,107.0,91.0,88.0,106.0,96.0,,,,80.0,109.0,99.0,,,,98,102,99,,,
15440,2025,Matthew Boyd,CHC,34,14,8,3.4,3.21,31,31,0,0,0,0,179.2,718,154,69,64,19,42,0,9,2,0,154,192,227,87,27,903,1844,2747,118,8,7,3,7.71,2.1,3.67,7.71,0.95,0.231,1.09,0.273,0.762,3.65,0.85,0.172,0.379,0.449,0.11900000000000001,0.084,0.042,0.429,32.6,179.2,,,32.6,$27.5,3.43,4.22,1.17,-11.9,13.07,19.45,2.06,0.98,0.91,0.87,0.81,31,2.32,-1.13,0.501,93.2,0.149,82.0,,,0.113,73.6,0.237,78.7,,,,,0.0,,10.1,0.6,,-2.4,9.4,,,0.73,0.16,,-0.78,1.44,,,0.332,0.711,0.51,0.684,0.847,0.7909999999999999,0.469,0.6779999999999999,0.107,0,0,0,78,90,102,0.214,0.057999999999999996,4.09,5.91,-0.44,0.465,,,,,0.037000000000000005,0.149,0.113,,,0.237,,,,93.3,,,,,92.0,82.0,73.5,,,78.7,,,8.2,,,,,10.3,-0.5,-5.6,,,9.6,,,7.5,,,,,5.2,0.1,-5.2,,,3.2,,,12.6,,,,,-0.7,0.7,-2.6,,,10.6,,,0.98,,,,,-0.7,0.17,-0.82,,,1.64,,,0.28300000000000003,0.68,0.511,0.599,0.848,0.789,0.573,18.5,4.4,0.8,0.2,1.0,34 - 34,0.156,0.382,0.34700000000000003,0.271,0.17,0.526,0.304,4.17,0.299,0.237,,0.113,0.473,,,,,0.028999999999999998,0.149,,78.6,,73.4,93.3,,,,,91.4,81.9,,9.1,,-6.4,7.6,,,,,9.9,-1.4,,2.0,,-6.5,6.5,,,,,4.2,-1.0,,10.6,,-2.6,12.3,,,,,-0.4,0.7,,1.64,,-0.83,0.95,,,,,-0.57,0.17,,0.29100000000000004,0.672,0.51,0.612,0.846,0.789,0.575,18.5,-0.2,92,66,139,91,82,95,84,94,106,98,70,87,90,118,72,93,99,112,108,102,94,88.5,18.0,46,0.09,114.7,195,0.38,513,0.157,0.263,3.75,3.86,62.0,48.0,61.0,53.0,44.0,53.0,56.0,43.0,63.0,46.0,46.0,51.0,47.0,50.0,47.0,,,,,,,,,,55,43,60,-0.2,94.0,119.0,114.0,101.0,104.0,97.0,86.0,107.0,90.0,99.0,84.0,78.0,113.0,95.0,95.0,,,,,,,,,,94,107,97,,,
10954,2025,Jacob deGrom,TEX,37,12,8,3.4,2.97,30,30,0,0,0,0,172.2,669,122,57,57,26,37,0,3,3,0,185,167,188,87,18,883,1734,2617,100,4,2,1,9.64,1.93,5.0,6.36,1.36,0.194,0.92,0.23,0.836,3.64,0.89,0.19699999999999998,0.37799999999999995,0.425,0.096,0.138,0.024,0.5,32.3,172.2,,,32.3,$27.1,3.72,3.37,2.55,-9.1,11.65,28.07,2.9,0.9,0.94,0.86,1.08,30,2.85,-0.02,0.46,97.5,0.376,90.4,,,0.051,80.9,0.113,89.9,,,,,0.001,,18.9,8.6,,1.4,0.7,,,1.57,0.87,,1.04,0.24,,,0.358,0.726,0.516,0.55,0.8370000000000001,0.7240000000000001,0.431,0.635,0.14300000000000002,0,0,0,74,86,80,0.27699999999999997,0.055,3.32,5.21,-0.67,0.46,,,,,,0.376,0.051,,,0.113,,,,97.5,,,,,,90.4,80.9,,,89.8,,,-5.7,,,,,,2.2,5.6,,,-8.3,,,9.6,,,,,,1.7,-3.0,,,1.5,,,19.4,,,,,,8.7,1.4,,,0.6,,,1.61,,,,,,0.89,1.06,,,0.22,,,0.327,0.6990000000000001,0.517,0.47100000000000003,0.8370000000000001,0.7240000000000001,0.511,18.3,5.2,2.0,-0.1,1.8,37 - 37,0.221,0.387,0.32,0.293,0.153,0.525,0.322,3.39,0.371,0.113,,0.051,0.46,,,,,,0.376,,89.9,,80.9,97.6,,,,,,90.4,,-8.1,,6.0,-5.2,,,,,,2.7,,0.2,,-4.3,8.7,,,,,,0.5,,0.6,,1.4,19.4,,,,,,8.7,,0.22,,1.05,1.61,,,,,,0.89,,0.326,0.703,0.517,0.467,0.84,0.723,0.505,18.3,-0.5,112,60,189,77,112,81,72,80,114,123,65,101,91,109,115,94,92,121,97,101,100,90.1,16.0,41,0.092,112.5,186,0.419,444,0.146,0.289,3.36,2.87,48.0,69.0,38.0,74.0,51.0,75.0,68.0,60.0,64.0,,,,60.0,63.0,54.0,,,,,,,,,,66,64,60,-0.86,112.0,87.0,100.0,104.0,111.0,119.0,105.0,109.0,117.0,,,,118.0,107.0,128.0,,,,,,,,,,111,106,119,,,
18525,2025,Dylan Cease,SDP,29,8,12,3.4,4.55,32,32,0,0,0,0,168.0,722,152,91,85,21,71,2,5,5,0,215,156,177,93,23,1121,1925,3046,90,12,3,1,11.52,3.8,3.03,8.14,1.13,0.235,1.33,0.32,0.69,3.56,0.88,0.218,0.366,0.415,0.13,0.11900000000000001,0.077,0.33299999999999996,32.2,168.0,,,32.2,$27.2,3.65,3.56,-1.27,-13.33,12.06,-7.98,-0.8,0.98,0.87,0.86,0.76,32,-0.13,-1.18,0.461,97.0,0.442,88.8,0.0,86.0,0.085,82.4,0.011000000000000001,77.3,,,,,0.003,,-5.6,7.4,0.0,-4.4,0.5,,,-0.4,0.55,-3.86,-1.7,1.39,,,0.34700000000000003,0.711,0.49,0.52,0.804,0.682,0.39299999999999996,0.601,0.156,0,0,0,112,87,86,0.298,0.098,3.58,4.82,1.0,0.41200000000000003,,,,,0.05,0.444,,0.083,,0.011000000000000001,,,,97.1,,,,,96.1,88.7,,82.3,,77.3,,,-2.5,,,,,-6.5,0.6,,1.3,,-5.1,,,10.9,,,,,8.9,1.8,,-8.7,,10.1,,,-2.8,,,,,-1.4,7.5,,-4.3,,0.5,,,-0.23,,,,,-0.9,0.56,,-1.7,,1.39,,,0.319,0.688,0.491,0.484,0.787,0.682,0.465,19.8,1.1,-0.9,-1.3,-2.3,29 - 29,0.19899999999999998,0.413,0.371,0.217,0.172,0.49,0.33799999999999997,3.65,0.425,,,0.083,0.42200000000000004,0.0,0.011000000000000001,,,0.039,0.444,,,,82.2,97.1,96.2,77.4,,,95.8,88.7,,,,2.1,-2.0,1.1,-4.3,,,-6.2,1.4,,,,-10.5,9.7,7.4,8.3,,,7.1,0.2,,,,-4.6,-2.4,-0.4,0.5,,,-1.6,8.3,,,,-1.84,-0.19,-41.83,1.39,,,-1.37,0.62,,0.326,0.6779999999999999,0.491,0.48,0.792,0.682,0.46799999999999997,19.8,-0.2,137,119,115,96,97,96,102,110,96,136,118,110,87,109,101,101,106,90,110,94,104,88.9,16.6,37,0.086,112.9,161,0.374,431,0.14,0.29600000000000004,3.45,3.81,40.0,54.0,26.0,,,,53.0,61.0,41.0,36.0,53.0,40.0,60.0,63.0,59.0,48.0,53.0,45.0,,,,,,,56,64,50,-0.23,109.0,110.0,111.0,,,,104.0,97.0,101.0,95.0,90.0,86.0,115.0,104.0,118.0,92.0,102.0,96.0,,,,,,,108,100,107,,,
16137,2025,Carlos Rodon,NYY,32,18,9,3.2,3.09,33,33,0,0,0,0,195.1,789,132,74,67,22,73,0,9,4,0,203,216,199,82,16,1202,2011,3213,137,17,7,2,9.35,3.36,2.78,6.08,1.01,0.187,1.05,0.228,0.764,3.78,1.09,0.165,0.435,0.4,0.08,0.111,0.079,0.28600000000000003,31.1,195.1,,,31.1,$25.8,3.63,3.89,2.0,-11.14,13.14,25.4,2.62,0.92,0.86,0.86,0.97,33,2.76,-0.58,0.516,93.8,0.285,85.9,0.0,91.0,0.038,80.3,0.162,85.1,,,,,0.0,,14.1,12.7,0.0,-2.2,6.4,,,0.85,1.39,-2.46,-1.84,1.24,,,0.32899999999999996,0.653,0.452,0.584,0.8390000000000001,0.7240000000000001,0.38,0.621,0.124,0,0,0,76,89,93,0.257,0.09300000000000001,3.92,6.31,-0.69,0.418,,0.002,,,0.096,0.284,0.038,,,0.162,,,,94.1,,92.4,,,91.9,85.9,80.3,,,85.0,,,6.8,,2.7,,,9.0,-2.3,-3.6,,,7.8,,,10.6,,4.5,,,4.2,0.0,-7.3,,,2.6,,,10.2,,0.5,,,5.6,13.5,-2.3,,,6.7,,,0.76,,9.1,,,1.81,1.48,-1.85,,,1.29,,,0.29100000000000004,0.628,0.452,0.517,0.8240000000000001,0.721,0.479,18.5,4.5,2.3,-1.0,1.3,32 - 32,0.165,0.41700000000000004,0.337,0.24600000000000002,0.16899999999999998,0.514,0.317,4.07,0.37799999999999995,0.162,,0.038,0.418,0.001,,,,0.09699999999999999,0.284,,85.0,,80.3,94.1,92.3,,,,91.9,85.8,,7.2,,-4.2,6.2,1.7,,,,8.3,-3.3,,1.0,,-9.0,9.2,6.2,,,,2.6,-1.5,,6.8,,-2.3,9.3,0.3,,,,6.2,13.6,,1.31,,-1.85,0.69,8.48,,,,1.98,1.49,,0.294,0.63,0.45299999999999996,0.523,0.8240000000000001,0.721,0.473,18.5,2.3,109,104,105,73,84,78,82,80,105,114,109,84,105,102,92,101,97,102,107,99,99,88.6,12.8,38,0.075,115.5,196,0.389,504,0.171,0.295,3.34,4.13,52.0,52.0,45.0,35.0,45.0,32.0,54.0,59.0,53.0,41.0,62.0,27.0,56.0,53.0,55.0,,,,20.0,37.0,20.0,,,,52,57,49,-0.02,105.0,94.0,99.0,97.0,85.0,82.0,101.0,94.0,98.0,108.0,91.0,104.0,109.0,102.0,104.0,,,,99.0,107.0,104.0,,,,104,96,100,,,
21390,2025,Joe Ryan,MIN,29,13,10,3.1,3.42,31,30,0,0,0,0,171.0,689,138,69,65,26,39,0,12,0,2,194,162,215,65,23,966,1832,2798,81,13,2,1,10.21,2.05,4.97,7.26,1.37,0.216,1.04,0.268,0.7859999999999999,3.74,0.75,0.147,0.36700000000000005,0.486,0.107,0.121,0.08,0.5,30.4,166.0,-0.7,5.0,29.8,$25.0,3.34,3.7,2.11,-10.21,12.33,18.89,1.88,0.91,0.91,0.88,0.97,31,0.98,1.34,0.627,93.6,0.225,83.7,,,0.039,79.2,,,0.11,87.6,,,0.001,,17.6,-1.8,,1.0,,-6.2,,1.0,-0.29,,0.94,,-2.03,,0.299,0.718,0.496,0.67,0.8109999999999999,0.7659999999999999,0.47,0.659,0.11599999999999999,0,1,0,83,89,88,0.282,0.057,3.32,4.26,-0.32,0.512,,,0.113,,0.11199999999999999,0.225,0.039,,,,,,,93.6,,,87.6,,93.3,83.6,79.2,,,,,,-8.1,,,-9.5,,-10.3,4.3,6.2,,,,,,7.6,,,0.9,,4.7,1.5,-5.7,,,,,,22.0,,,-6.4,,-2.9,-1.7,1.0,,,,,,1.54,,,-2.05,,-0.91,-0.26,0.92,,,,,,0.254,0.675,0.496,0.609,0.809,0.7659999999999999,0.574,18.6,3.8,0.6,0.1,0.6,29 - 29,0.225,0.38299999999999995,0.358,0.259,0.16699999999999998,0.516,0.318,3.35,0.376,0.109,,0.039,0.503,,,,,0.125,0.223,0.0,87.5,,79.0,93.6,,,,,93.1,83.6,56.6,-8.9,,7.2,-7.4,,,,,-9.6,5.3,0.0,-0.6,,-7.1,6.9,,,,,3.9,0.4,0.0,-7.0,,0.9,20.0,,,,,-0.2,-1.7,0.0,-2.3,,0.79,1.42,,,,,-0.07,-0.27,-2.46,0.258,0.674,0.496,0.604,0.812,0.765,0.573,18.6,0.1,119,63,188,88,114,90,81,93,108,125,67,75,89,124,101,93,103,107,105,99,99,90.2,18.7,51,0.115,115.3,186,0.419,444,0.158,0.27399999999999997,3.43,3.49,,,,50.0,60.0,46.0,65.0,50.0,68.0,55.0,43.0,52.0,50.0,52.0,51.0,,,,,,,42.0,48.0,46.0,59,47,62,-0.45,,,,116.0,84.0,83.0,107.0,114.0,117.0,101.0,106.0,108.0,101.0,100.0,97.0,,,,,,,92.0,87.0,78.0,103,106,106,,,
11156,2025,Merrill Kelly,- - -,36,12,9,3.1,3.52,32,32,0,0,0,0,184.0,748,157,79,72,23,48,0,2,1,2,167,227,200,100,24,973,1862,2835,96,12,4,1,8.17,2.35,3.48,7.68,1.13,0.225,1.11,0.264,0.732,3.76,1.14,0.19,0.431,0.38,0.12,0.115,0.053,0.25,29.9,183.3,,,29.9,$25.0,3.85,3.81,1.37,-12.18,13.55,8.7,0.87,0.96,0.97,0.87,1.25,32,1.61,-0.18,0.375,92.0,0.07,85.8,0.19899999999999998,90.7,0.09699999999999999,81.7,0.26,88.3,,,,,0.001,,-5.8,4.9,9.9,-1.2,4.4,,,-0.54,2.51,1.75,-0.44,0.59,,,0.35600000000000004,0.6859999999999999,0.49200000000000005,0.657,0.88,0.785,0.41100000000000003,0.65,0.106,0,0,0,84,93,92,0.223,0.064,3.95,4.7,-0.24,0.22899999999999998,,0.205,,,0.134,0.07,0.09699999999999999,,,0.266,,,,91.8,,90.6,,,92.2,85.8,81.7,,,88.3,,,-6.1,,-2.4,,,-10.1,0.4,4.3,,,-9.1,,,8.5,,6.9,,,3.6,2.2,-5.6,,,0.4,,,3.1,,9.2,,,-8.0,5.0,-1.0,,,7.2,,,0.48,,1.59,,,-2.1,2.56,-0.36,,,0.95,,,0.33399999999999996,0.642,0.49200000000000005,0.61,0.87,0.784,0.513,18.6,3.7,1.1,-0.5,0.6,36 - 36,0.159,0.45799999999999996,0.326,0.217,0.162,0.49200000000000005,0.34700000000000003,4.14,0.318,0.263,,0.09699999999999999,0.239,0.19399999999999998,,,,0.13699999999999998,0.07,,88.4,,81.7,91.9,90.7,,,,92.2,85.8,,-8.8,,4.8,-5.5,-1.6,,,,-9.7,1.1,,-1.2,,-7.1,7.5,5.8,,,,2.5,0.8,,8.3,,-1.0,-0.6,12.0,,,,-8.3,5.0,,1.11,,-0.36,-0.08,2.19,,,,-2.12,2.56,,0.336,0.644,0.49200000000000005,0.613,0.8690000000000001,0.7829999999999999,0.506,18.6,0.1,97,73,132,91,96,93,86,91,102,101,77,96,103,99,97,112,93,90,103,95,107,90.2,13.7,49,0.092,116.9,231,0.435,531,0.16399999999999998,0.27,4.15,4.3,60.0,52.0,63.0,58.0,39.0,66.0,50.0,42.0,57.0,42.0,36.0,43.0,39.0,23.0,53.0,,,,48.0,34.0,53.0,,,,50,40,58,0.09,84.0,110.0,102.0,102.0,104.0,105.0,95.0,101.0,94.0,85.0,100.0,85.0,99.0,105.0,97.0,,,,90.0,106.0,99.0,,,,90,105,97,,,
20302,2025,David Peterson,NYM,29,9,6,3.1,4.22,30,30,1,1,0,0,168.2,723,166,84,79,11,65,1,7,3,1,150,270,119,105,7,965,1734,2699,90,21,6,1,8.0,3.47,2.31,8.86,0.59,0.255,1.37,0.316,0.6920000000000001,3.48,2.27,0.213,0.547,0.24100000000000002,0.059000000000000004,0.092,0.078,0.16699999999999998,29.9,168.2,,,29.9,$25.1,3.86,3.72,0.15,-12.06,12.21,-2.0,-0.19,1.01,0.92,0.87,1.49,29,0.96,-0.81,0.519,91.7,0.191,84.7,,,0.13699999999999998,78.7,0.153,84.6,,,,,0.001,,-2.4,-1.4,,4.0,5.0,,,-0.17,-0.28,,1.09,1.22,,,0.324,0.6679999999999999,0.46399999999999997,0.609,0.895,0.777,0.408,0.638,0.10300000000000001,0,0,0,104,85,90,0.207,0.09,4.09,4.8,0.73,0.226,,,,,0.292,0.191,0.13699999999999998,,,0.153,,,,92.2,,,,,91.3,84.6,78.7,,,84.6,,,3.3,,,,,9.0,-0.6,-3.1,,,8.9,,,7.8,,,,,4.9,0.4,-4.5,,,3.0,,,-6.1,,,,,5.1,-1.5,4.6,,,6.2,,,-1.0,,,,,0.65,-0.29,1.24,,,1.49,,,0.297,0.635,0.46399999999999997,0.536,0.89,0.7759999999999999,0.495,17.9,1.9,-1.0,-0.3,-1.3,29 - 29,0.11800000000000001,0.44,0.33399999999999996,0.226,0.132,0.502,0.366,4.63,0.313,0.153,,0.13699999999999998,0.223,,,,,0.29600000000000004,0.192,,84.6,,78.7,92.4,,,,,91.3,84.7,,8.4,,-3.7,2.7,,,,,8.5,-1.5,,1.5,,-6.1,6.8,,,,,3.5,-1.1,,6.1,,5.4,-6.0,,,,,5.4,-2.3,,1.48,,1.48,-0.99,,,,,0.67,-0.45,,0.302,0.63,0.46399999999999997,0.5329999999999999,0.894,0.7759999999999999,0.495,17.9,0.3,95,109,88,105,51,104,106,109,97,95,108,107,130,63,79,108,95,94,84,97,113,90.6,4.3,32,0.064,113.3,230,0.45899999999999996,501,0.175,0.278,4.59,4.47,50.0,45.0,51.0,52.0,55.0,52.0,45.0,49.0,46.0,51.0,50.0,51.0,49.0,52.0,53.0,,,,,,,,,,49,49,51,0.21,86.0,98.0,91.0,85.0,102.0,90.0,80.0,103.0,83.0,95.0,100.0,107.0,99.0,107.0,104.0,,,,,,,,,,90,102,96,,,
22100,2025,Jose Soriano,LAA,26,10,11,3.0,4.26,31,31,0,0,0,0,169.0,724,158,89,80,12,78,0,5,8,0,152,314,80,87,3,1078,1706,2784,99,22,7,2,8.09,4.15,1.95,8.41,0.64,0.246,1.4,0.306,0.6779999999999999,3.73,3.93,0.18100000000000002,0.653,0.166,0.038,0.15,0.07,0.28600000000000003,28.5,169.0,,,28.5,$23.7,4.05,3.54,-0.1,-13.68,13.58,-1.39,-0.1,1.07,0.94,0.87,1.11,31,0.47,-0.57,0.578,97.3,0.061,89.2,,,0.266,85.3,,,0.095,92.2,,,,,7.5,-4.3,,1.5,,1.9,,0.47,-2.54,,0.21,,0.7,,0.294,0.652,0.444,0.522,0.885,0.745,0.42,0.579,0.113,0,0,0,103,88,84,0.21,0.10800000000000001,3.93,5.27,0.53,0.086,,,0.092,,0.491,0.061,,0.266,,0.004,,,,97.9,,,92.3,,97.2,89.1,,85.2,,86.9,,,-5.2,,,-6.2,,-7.9,0.7,,6.9,,-3.5,,,7.9,,,0.2,,2.2,0.3,,-5.4,,-0.1,,,1.6,,,2.2,,9.5,-4.4,,2.6,,-0.1,,,0.66,,,0.88,,0.7,-2.57,,0.35,,-0.74,,,0.281,0.608,0.445,0.483,0.866,0.746,0.503,18.2,1.8,-0.8,-0.4,-1.2,26 - 26,0.102,0.40399999999999997,0.39299999999999996,0.203,0.13699999999999998,0.502,0.361,4.82,0.33399999999999996,,,0.267,0.086,,0.094,,,0.49200000000000005,0.061,,,,85.3,98.0,,92.2,,,97.3,89.3,,,,7.2,-5.0,,-5.8,,,-7.7,1.1,,,,-7.0,6.8,,-1.3,,,0.9,-1.1,,,,2.6,1.4,,2.3,,,10.1,-4.3,,,,0.35,0.59,,0.86,,,0.73,-2.56,,0.282,0.606,0.445,0.48200000000000004,0.865,0.745,0.505,18.2,-1.6,94,128,74,101,53,102,109,107,93,93,127,92,158,43,125,98,113,84,87,97,112,91.4,-2.8,35,0.07200000000000001,115.4,235,0.48100000000000004,489,0.165,0.278,4.03,4.29,,,,,,,46.0,56.0,45.0,50.0,53.0,41.0,38.0,59.0,36.0,57.0,64.0,49.0,,,,46.0,51.0,45.0,51,57,42,0.09,144.0,35.0,59.0,,,,83.0,96.0,79.0,101.0,110.0,116.0,114.0,97.0,103.0,75.0,129.0,107.0,,,,112.0,93.0,103.0,95,111,108,,,
25377,2025,Brady Singer,CIN,28,14,12,2.9,4.03,32,32,0,0,0,0,169.2,716,150,80,76,19,60,0,14,3,0,163,185,190,101,18,1074,1776,2850,102,8,3,0,8.65,3.18,2.72,7.96,1.01,0.234,1.24,0.285,0.7290000000000001,3.98,0.97,0.212,0.389,0.39899999999999997,0.095,0.1,0.043,0.0,27.6,169.2,,,27.6,$23.0,4.49,4.25,1.51,-11.21,12.72,10.59,0.97,0.95,0.87,0.85,0.97,32,1.0,0.59,0.511,92.1,0.396,82.4,0.09300000000000001,87.6,,,,,,,,,,,-4.5,2.6,1.6,,,,,-0.31,0.23,0.59,,,,,0.284,0.654,0.441,0.628,0.8740000000000001,0.7829999999999999,0.425,0.608,0.096,0,0,0,91,92,103,0.228,0.084,4.17,5.41,0.05,0.105,,0.09699999999999999,,,0.406,0.392,,,,,,,,91.3,,87.4,,,92.2,82.3,,,,,,,-4.1,,0.4,,,-9.6,2.8,,,,,,,8.1,,4.2,,,5.9,-0.1,,,,,,,-2.3,,-0.4,,,-0.3,6.0,,,,,,,-0.77,,-0.14,,,-0.03,0.53,,,,,,,0.264,0.607,0.441,0.5589999999999999,0.872,0.7809999999999999,0.516,16.1,3.0,0.3,-0.1,0.2,28 - 28,0.14400000000000002,0.38799999999999996,0.37200000000000005,0.24,0.14,0.5429999999999999,0.317,4.32,0.33799999999999997,,,,0.09300000000000001,0.105,,,,0.408,0.395,,,,,91.5,87.8,,,,92.2,82.3,,,,,-3.8,0.6,,,,-9.2,3.5,,,,,7.5,3.6,,,,4.9,-1.3,,,,,-3.4,2.5,,,,-0.1,3.7,,,,,-1.28,0.84,,,,-0.01,0.33,,0.264,0.606,0.441,0.551,0.875,0.7809999999999999,0.518,16.1,0.4,103,100,103,94,87,96,96,98,102,104,101,107,92,105,85,95,106,100,89,105,98,90.3,14.2,45,0.094,116.5,195,0.40700000000000003,479,0.18,0.275,4.26,4.3,,,,,,,37.0,47.0,38.0,49.0,41.0,53.0,50.0,46.0,54.0,,,,41.0,52.0,46.0,,,,50,44,55,0.09,,,,,,,92.0,100.0,80.0,99.0,95.0,92.0,95.0,107.0,101.0,,,,82.0,96.0,87.0,,,,95,100,94,,,
15689,2025,Luis Castillo,SEA,32,11,8,2.6,3.54,32,32,0,0,0,0,180.2,745,168,76,71,23,46,0,7,3,0,162,218,219,91,26,1040,1948,2988,93,15,2,0,8.07,2.29,3.52,8.37,1.15,0.243,1.18,0.286,0.768,3.88,1.0,0.172,0.413,0.415,0.11900000000000001,0.105,0.069,0.0,25.6,180.2,,,25.6,$21.0,3.49,4.09,0.64,-12.75,13.39,7.19,0.86,1.01,0.91,0.88,1.16,32,0.33,0.3,0.682,95.0,0.204,84.5,,,,,0.114,87.2,,,,,,,12.8,1.5,,,-5.2,,,0.63,0.24,,,-1.53,,,0.34,0.743,0.514,0.672,0.8420000000000001,0.778,0.43200000000000005,0.647,0.114,0,0,0,92,97,98,0.217,0.062,4.03,4.63,-0.34,0.46399999999999997,,,,,0.21899999999999997,0.204,,,,0.114,,,,95.0,,,,,94.8,84.5,,,,87.2,,,-8.1,,,,,-11.2,-0.2,,,,-10.7,,,7.0,,,,,2.1,-0.2,,,,-0.2,,,11.2,,,,,2.1,1.7,,,,-5.0,,,0.81,,,,,0.32,0.28,,,,-1.48,,,0.313,0.703,0.514,0.629,0.84,0.778,0.516,17.8,3.0,-0.1,0.4,0.3,32 - 32,0.156,0.39399999999999996,0.366,0.24,0.158,0.49200000000000005,0.349,4.18,0.31,0.114,,,0.462,,,,,0.22,0.204,,87.3,,,95.1,,,,,94.9,84.6,,-10.2,,,-7.4,,,,,-10.7,0.6,,-1.4,,,6.2,,,,,1.2,-1.3,,-5.0,,,11.2,,,,,1.9,1.7,,-1.48,,,0.81,,,,,0.28,0.28,,0.307,0.708,0.514,0.624,0.84,0.778,0.517,17.8,0.8,94,71,133,101,95,101,92,100,105,97,73,88,100,106,87,96,105,99,100,95,108,90.3,14.5,55,0.10400000000000001,115.2,246,0.46399999999999997,530,0.136,0.25,4.04,4.21,50.0,55.0,52.0,,,,49.0,41.0,57.0,56.0,49.0,56.0,50.0,47.0,50.0,,,,,,,,,,51,42,58,0.03,93.0,97.0,90.0,,,,92.0,109.0,98.0,90.0,107.0,105.0,114.0,101.0,109.0,,,,,,,,,,96,106,100,,,
19350,2025,Dean Kremer,BAL,29,11,10,2.6,4.19,31,29,0,0,0,0,171.2,708,163,83,80,22,45,0,2,9,1,142,206,216,94,21,952,1804,2756,101,9,2,0,7.44,2.36,3.16,8.55,1.15,0.247,1.21,0.284,0.7090000000000001,3.97,0.95,0.182,0.39899999999999997,0.419,0.09699999999999999,0.102,0.044000000000000004,0.0,25.3,163.1,-0.5,8.1,24.9,$20.6,3.9,4.24,0.03,-11.78,11.8,0.16,0.05,0.93,0.88,0.89,0.95,31,0.37,-0.34,0.461,93.2,0.004,84.0,0.19899999999999998,86.9,0.128,78.4,,,0.209,81.9,,,0.001,,1.3,-0.1,0.8,-0.3,,4.9,,0.1,-0.52,0.15,-0.08,,0.85,,0.33,0.6970000000000001,0.49200000000000005,0.6629999999999999,0.862,0.787,0.442,0.6579999999999999,0.10400000000000001,0,1,1,104,95,102,0.201,0.064,4.25,5.3,0.23,0.26899999999999996,,0.20199999999999999,0.21,,0.19,0.001,0.128,,,,,,,93.3,,86.9,81.9,,92.9,83.9,78.3,,,,,,-5.0,,2.0,-6.6,,-9.2,0.5,2.9,,,,,,10.6,,3.7,5.9,,7.3,1.0,-6.4,,,,,,-0.6,,0.5,5.2,,1.2,0.0,-0.5,,,,,,-0.08,,0.09,0.91,,0.23,0.89,-0.15,,,,,,0.29,0.6679999999999999,0.49,0.618,0.853,0.787,0.528,19.7,2.1,0.0,-0.5,-0.5,29 - 29,0.13699999999999998,0.40700000000000003,0.349,0.243,0.156,0.5579999999999999,0.28600000000000003,4.4,0.295,,,0.128,0.267,0.2,0.21,,,0.193,0.003,,,,78.3,93.3,86.8,81.8,,,92.8,84.8,,,,3.5,-4.4,2.7,-6.2,,,-8.6,2.2,,,,-8.1,9.5,2.3,4.4,,,6.1,-0.3,,,,-0.5,-0.9,0.1,5.1,,,1.9,0.4,,,,-0.15,-0.12,0.02,0.91,,,0.36,5.3,,0.28600000000000003,0.672,0.489,0.621,0.851,0.7879999999999999,0.527,19.7,-0.3,87,73,119,103,96,103,95,99,97,89,75,93,97,107,85,99,101,101,99,107,89,88.1,15.2,44,0.085,113.0,182,0.35100000000000003,519,0.161,0.266,3.88,4.45,,,,47.0,38.0,53.0,52.0,44.0,57.0,51.0,35.0,58.0,23.0,49.0,39.0,,,,48.0,47.0,50.0,50.0,48.0,51.0,49,40,55,0.19,,,,86.0,106.0,88.0,98.0,107.0,106.0,83.0,109.0,98.0,112.0,101.0,90.0,,,,104.0,89.0,91.0,99.0,97.0,89.0,95,101,96,,,
15890,2025,Luis Severino,ATH,31,8,11,2.5,4.54,29,29,0,0,0,0,162.2,705,162,93,82,16,50,1,16,3,0,124,210,190,110,20,1002,1729,2731,90,10,5,2,6.86,2.77,2.48,8.96,0.89,0.254,1.3,0.293,0.657,4.11,1.11,0.21600000000000003,0.41200000000000003,0.373,0.105,0.084,0.048,0.4,24.6,162.2,,,24.6,$20.3,4.64,4.63,-0.62,-12.77,12.15,-11.8,-1.13,1.02,0.9,0.86,1.02,29,-0.13,-0.48,0.488,96.0,0.28600000000000003,84.9,0.172,93.2,0.0,80.0,0.054000000000000006,86.2,,,,,0.001,,0.2,-0.1,2.8,0.0,-6.5,,,0.02,-0.02,0.6,-3.51,-4.42,,,0.303,0.6970000000000001,0.47200000000000003,0.772,0.89,0.846,0.428,0.59,0.073,0,0,0,108,97,111,0.17600000000000002,0.071,4.61,4.98,0.43,0.276,,0.175,,,0.20800000000000002,0.28800000000000003,,,,0.053,,,,96.1,,93.2,,,95.7,84.9,,,,86.2,,,-4.7,,-0.3,,,-8.6,7.5,,,,-8.5,,,9.6,,5.5,,,7.2,1.6,,,,4.4,,,0.2,,2.8,,,1.9,0.4,,,,-6.3,,,0.02,,0.6,,,0.34,0.05,,,,-4.33,,,0.23800000000000002,0.6659999999999999,0.47200000000000003,0.7070000000000001,0.887,0.846,0.547,17.5,1.1,-0.3,-1.1,-1.5,31 - 31,0.105,0.375,0.359,0.266,0.188,0.45,0.361,4.79,0.27,0.054000000000000006,,0.001,0.27899999999999997,0.177,,,,0.203,0.28600000000000003,,86.2,,81.5,96.2,93.2,,,,95.7,84.9,,-8.2,,9.2,-4.3,0.3,,,,-8.3,8.2,,3.1,,-6.9,8.5,4.4,,,,6.1,0.2,,-6.4,,0.2,-1.1,2.4,,,,3.3,0.7,,-4.38,,7.4,-0.15,0.5,,,,0.59,0.09,,0.242,0.6609999999999999,0.47200000000000003,0.708,0.887,0.846,0.55,17.5,-1.2,80,85,94,108,73,105,102,102,90,78,84,110,100,95,70,91,103,110,119,87,112,88.3,14.0,31,0.06,112.4,216,0.419,515,0.161,0.233,4.59,3.95,46.0,50.0,47.0,,,,54.0,50.0,53.0,44.0,42.0,49.0,61.0,57.0,54.0,,,,46.0,45.0,50.0,,,,54,49,55,-0.14,93.0,94.0,90.0,,,,107.0,100.0,104.0,96.0,103.0,101.0,133.0,94.0,116.0,,,,97.0,92.0,99.0,,,,110,97,105,,,
20633,2025,Yusei Kikuchi,LAA,34,7,11,2.5,3.99,33,33,0,0,0,0,178.1,772,180,87,79,24,74,3,3,8,0,174,205,208,103,21,1123,1974,3097,84,12,5,2,8.78,3.73,2.35,9.08,1.21,0.259,1.42,0.314,0.7609999999999999,4.23,0.99,0.2,0.397,0.40299999999999997,0.10099999999999999,0.115,0.059000000000000004,0.4,24.1,178.1,,,24.1,$19.7,4.44,4.28,-0.18,-14.16,13.99,2.68,0.27,1.01,0.93,0.87,1.27,33,-0.09,-0.08,0.361,94.8,0.35600000000000004,87.1,,,0.162,80.2,0.121,85.6,,,,,0.005,,-15.0,2.5,,1.6,1.2,,,-1.34,0.23,,0.31,0.32,,,0.3,0.6990000000000001,0.48200000000000004,0.636,0.86,0.784,0.455,0.628,0.10400000000000001,0,0,0,96,100,102,0.225,0.096,4.34,4.24,-0.24,0.349,,,,,0.012,0.364,0.154,,,0.121,,,,94.8,,,,,92.7,87.0,79.9,,,85.6,,,6.2,,,,,9.2,-0.9,-3.4,,,8.3,,,8.9,,,,,5.5,2.2,-3.3,,,3.9,,,-13.4,,,,,0.1,3.5,2.2,,,1.3,,,-1.24,,,,,0.25,0.31,0.46,,,0.34,,,0.261,0.665,0.48200000000000004,0.586,0.848,0.784,0.547,19.0,2.5,-1.2,1.2,0.0,34 - 34,0.13,0.41700000000000004,0.33799999999999997,0.24600000000000002,0.129,0.501,0.37,4.49,0.35200000000000004,0.121,,0.156,0.35,,,,,0.01,0.36200000000000004,,85.7,,80.0,95.0,,,,,92.6,87.1,,7.8,,-3.9,5.5,,,,,8.7,-1.7,,2.7,,-4.7,7.9,,,,,4.0,1.1,,1.0,,2.5,-13.5,,,,,0.1,3.2,,0.26,,0.52,-1.25,,,,,0.19,0.29,,0.268,0.659,0.48100000000000004,0.594,0.8490000000000001,0.784,0.546,19.0,-1.1,102,115,89,109,100,108,111,109,104,100,113,102,96,103,96,101,97,102,81,96,115,91.0,14.5,49,0.094,112.2,220,0.42200000000000004,521,0.155,0.259,4.47,3.8,43.0,45.0,43.0,63.0,51.0,64.0,56.0,59.0,53.0,20.0,53.0,20.0,59.0,51.0,62.0,,,,,,,,,,56,54,57,-0.24,100.0,90.0,85.0,93.0,115.0,107.0,97.0,98.0,91.0,97.0,74.0,67.0,91.0,115.0,120.0,,,,,,,,,,95,106,103,,,
17594,2025,Mitch Keller,PIT,29,6,15,2.5,4.19,32,32,0,0,0,0,176.1,749,171,91,82,21,51,0,10,5,0,150,233,194,107,19,994,1877,2871,79,12,3,2,7.66,2.6,2.94,8.73,1.07,0.249,1.26,0.29,0.696,4.02,1.2,0.2,0.436,0.363,0.098,0.10800000000000001,0.052000000000000005,0.667,24.2,176.1,,,24.2,$19.9,4.32,4.17,-0.36,-13.41,13.05,-1.09,-0.09,0.96,0.92,0.86,1.06,32,0.18,-0.56,0.527,93.7,0.191,82.4,0.141,87.0,0.073,77.5,0.068,89.2,,,,,0.001,,5.6,1.7,-4.4,-1.3,-2.6,,,0.37,0.31,-1.09,-0.63,-1.32,,,0.3,0.6940000000000001,0.484,0.66,0.8959999999999999,0.818,0.467,0.601,0.08800000000000001,0,0,0,98,98,101,0.2,0.068,4.25,4.03,0.17,0.371,,0.001,,,0.156,0.33,0.073,,,0.069,,,,94.0,,92.4,,,92.9,84.3,77.4,,,89.2,,,-5.5,,0.4,,,-8.9,6.2,6.4,,,-8.5,,,8.8,,5.4,,,5.5,0.0,-8.1,,,1.5,,,2.3,,-0.6,,,2.4,-0.6,-1.3,,,-2.0,,,0.22,,-21.64,,,0.54,-0.06,-0.64,,,-0.99,,,0.266,0.6579999999999999,0.484,0.589,0.8909999999999999,0.8170000000000001,0.556,17.9,2.2,0.1,-0.4,-0.3,29 - 29,0.132,0.415,0.331,0.253,0.14300000000000002,0.523,0.33299999999999996,4.46,0.29600000000000004,0.068,,0.073,0.354,0.001,,,,0.17300000000000001,0.33,,89.3,,77.5,94.1,92.2,,,,92.9,84.3,,-8.2,,6.9,-5.0,1.1,,,,-8.2,6.9,,0.3,,-9.8,7.9,4.9,,,,4.5,-1.3,,-3.2,,-1.3,3.0,-0.6,,,,3.2,-0.6,,-1.62,,-0.64,0.29,-21.64,,,,0.64,-0.06,,0.263,0.6609999999999999,0.484,0.5920000000000001,0.8859999999999999,0.815,0.555,17.9,0.0,91,82,112,103,93,102,97,100,97,91,82,101,104,96,93,102,95,105,91,101,103,90.1,11.8,42,0.078,115.4,235,0.43700000000000006,538,0.16899999999999998,0.257,4.44,4.22,50.0,46.0,51.0,31.0,44.0,31.0,52.0,45.0,57.0,42.0,42.0,45.0,58.0,55.0,56.0,,,,62.0,54.0,63.0,,,,51,46,54,0.04,91.0,100.0,95.0,90.0,83.0,70.0,87.0,102.0,90.0,93.0,92.0,87.0,107.0,102.0,107.0,,,,87.0,134.0,144.0,,,,95,99,94,,,
16256,2025,Kyle Freeland,COL,32,5,17,2.5,4.98,31,31,0,0,0,0,162.2,709,193,105,90,22,38,2,6,2,0,124,224,197,114,15,793,1689,2482,60,17,6,4,6.86,2.1,3.26,10.68,1.22,0.29,1.42,0.329,0.64,4.18,1.14,0.213,0.419,0.368,0.076,0.11199999999999999,0.076,0.667,23.7,162.2,,,23.7,$19.6,5.19,4.29,-0.91,-12.21,11.3,-11.5,-1.08,0.89,0.87,0.88,1.0,31,-0.78,-0.25,0.396,91.6,0.129,83.7,0.156,87.4,0.261,82.6,0.057999999999999996,86.4,,,,,0.003,,-15.0,-4.1,-1.7,4.8,-1.8,,,-1.53,-1.28,-0.45,0.74,-1.29,,,0.335,0.7140000000000001,0.513,0.6,0.92,0.809,0.469,0.685,0.098,0,0,0,104,96,104,0.175,0.054000000000000006,4.41,3.32,0.8,0.335,,0.156,,,0.06,0.128,,0.261,,0.059000000000000004,,,,91.6,,87.3,,,91.3,83.6,,82.6,,86.4,,,5.2,,1.1,,,8.7,-4.6,,-0.5,,7.6,,,8.8,,3.6,,,4.8,-1.7,,-3.5,,4.1,,,-10.9,,-2.3,,,-3.2,-2.3,,4.6,,-1.7,,,-1.31,,-0.59,,,-2.13,-0.73,,0.71,,-1.16,,,0.302,0.677,0.512,0.539,0.9059999999999999,0.8109999999999999,0.56,19.0,1.0,-1.4,0.0,-1.4,32 - 32,0.121,0.447,0.355,0.198,0.128,0.45799999999999996,0.414,4.59,0.26,0.059000000000000004,,0.251,0.335,0.156,,,,0.06,0.139,,86.5,,82.5,91.6,87.3,,,,91.6,83.7,,6.9,,-1.3,4.4,0.1,,,,7.8,-5.6,,3.1,,-4.6,8.0,2.7,,,,3.9,-2.9,,-1.4,,5.5,-11.7,-1.6,,,,-2.8,-3.8,,-0.95,,0.89,-1.4,-0.42,,,,-1.88,-1.09,,0.313,0.669,0.512,0.54,0.912,0.812,0.561,19.0,-0.5,82,66,124,126,105,119,110,113,89,80,64,107,99,97,95,109,101,82,81,88,127,91.1,12.7,51,0.094,115.4,256,0.473,541,0.16699999999999998,0.265,4.96,4.1,41.0,25.0,51.0,,,,62.0,47.0,70.0,54.0,40.0,60.0,45.0,53.0,47.0,43.0,49.0,42.0,58.0,47.0,63.0,,,,53,45,59,-0.04,74.0,103.0,83.0,,,,91.0,106.0,99.0,86.0,114.0,108.0,105.0,97.0,90.0,106.0,97.0,98.0,87.0,104.0,96.0,,,,95,103,97,,,
12304,2025,Chris Bassitt,TOR,36,11,9,2.4,3.96,32,31,1,0,0,0,170.1,736,174,80,75,22,52,0,13,4,3,166,234,167,102,19,1029,1807,2836,89,13,2,0,8.77,2.75,3.19,9.19,1.16,0.259,1.33,0.315,0.764,4.01,1.4,0.203,0.465,0.332,0.114,0.132,0.055999999999999994,0.0,23.5,169.1,0.2,1.0,23.7,$19.4,4.22,3.84,0.18,-12.31,12.48,2.85,0.33,0.94,0.87,0.85,0.98,31,-0.09,0.28,0.504,91.6,0.08199999999999999,75.9,0.179,88.6,0.163,71.4,0.027000000000000003,84.4,0.046,83.7,,,0.002,,-1.0,-1.1,-2.8,5.2,-1.4,-5.6,,-0.07,-0.49,-0.55,1.12,-1.89,-4.36,,0.29100000000000004,0.695,0.466,0.685,0.8440000000000001,0.787,0.433,0.596,0.099,0,0,0,97,95,92,0.226,0.071,3.92,4.7,-0.05,0.09300000000000001,,0.16899999999999998,0.046,,0.41700000000000004,0.086,0.163,,,0.027000000000000003,,,,91.5,,88.5,83.6,,91.6,76.3,71.3,,,84.5,,,-3.6,,-0.2,-9.0,,-9.9,7.6,9.1,,,-9.8,,,6.2,,4.6,-0.3,,2.7,-0.5,-7.0,,,2.2,,,-0.9,,-2.3,-6.2,,1.9,-0.9,5.1,,,-0.9,,,-0.35,,-0.48,-4.78,,0.16,-0.39,1.11,,,-1.16,,,0.24100000000000002,0.655,0.466,0.603,0.843,0.7859999999999999,0.5429999999999999,20.5,2.2,-1.2,1.0,-0.2,36 - 36,0.155,0.43799999999999994,0.34299999999999997,0.22,0.2,0.503,0.297,4.19,0.326,0.03,,0.161,0.10300000000000001,0.16,0.042,,,0.418,0.086,,84.3,,71.2,91.4,88.3,83.6,,,91.6,75.9,,-9.5,,9.8,-2.8,0.5,-8.3,,,-9.4,8.8,,0.7,,-8.6,5.5,3.8,-1.6,,,1.7,-1.9,,-0.3,,5.0,-0.4,-2.8,-6.8,,,2.5,-1.0,,-0.35,,1.1,-0.14,-0.61,-5.63,,,0.21,-0.41,,0.24600000000000002,0.649,0.466,0.609,0.8420000000000001,0.7859999999999999,0.545,20.5,1.9,102,85,120,111,96,108,103,110,105,100,83,104,113,85,110,106,99,91,127,97,92,87.7,10.5,43,0.085,116.7,185,0.366,505,0.17,0.26899999999999996,4.16,4.23,52.0,41.0,56.0,56.0,50.0,48.0,35.0,41.0,41.0,56.0,45.0,56.0,65.0,54.0,53.0,,,,36.0,37.0,41.0,36.0,43.0,37.0,51,42,51,0.05,73.0,108.0,88.0,95.0,104.0,97.0,83.0,96.0,73.0,101.0,101.0,104.0,107.0,107.0,112.0,,,,95.0,99.0,85.0,84.0,85.0,69.0,96,101,95,,,
11486,2025,Robbie Ray,SFG,33,11,8,2.2,3.65,32,32,1,0,0,0,182.1,755,148,81,74,22,73,0,4,7,1,186,176,228,84,16,1117,1955,3072,97,17,4,1,9.18,3.6,2.55,7.31,1.09,0.218,1.21,0.268,0.742,3.93,0.77,0.172,0.361,0.467,0.07,0.096,0.09699999999999999,0.25,21.4,182.1,,,21.4,$17.5,3.72,4.29,0.74,-13.18,13.92,9.54,1.06,1.01,0.94,0.86,1.12,31,0.86,-0.12,0.521,93.6,0.225,87.9,,,0.124,81.2,0.13,84.9,,,,,0.001,,12.0,2.6,,-7.0,-0.7,,,0.75,0.37,,-1.83,-0.17,,,0.321,0.723,0.49,0.59,0.838,0.7440000000000001,0.42,0.591,0.125,0,0,0,89,99,104,0.24600000000000002,0.09699999999999999,4.17,4.79,-0.28,0.52,,,,,,0.22899999999999998,,0.121,,0.13,,,,93.6,,,,,,87.8,,81.2,,84.8,,,5.5,,,,,,1.0,,-0.1,,7.3,,,10.6,,,,,,5.5,,-2.7,,7.1,,,12.9,,,,,,2.9,,-7.3,,-0.5,,,0.81,,,,,,0.41,,-1.96,,-0.12,,,0.284,0.6940000000000001,0.49,0.531,0.831,0.745,0.503,18.9,3.0,0.9,-0.1,0.8,33 - 33,0.15,0.413,0.331,0.256,0.138,0.5489999999999999,0.313,4.25,0.37200000000000005,0.13,,0.121,0.52,,,,,,0.228,,84.9,,81.2,93.6,,,,,,87.9,,6.5,,-1.1,4.7,,,,,,0.1,,5.6,,-4.3,9.6,,,,,,4.1,,-0.5,,-7.4,12.9,,,,,,2.9,,-0.12,,-1.99,0.81,,,,,,0.41,,0.28800000000000003,0.6890000000000001,0.49,0.535,0.831,0.745,0.503,18.9,1.9,109,113,97,86,94,89,94,92,103,112,116,87,86,123,82,101,95,106,88,106,96,91.0,17.7,47,0.096,114.6,220,0.447,492,0.14400000000000002,0.27,3.7,4.64,38.0,37.0,44.0,,,,58.0,58.0,52.0,,,,35.0,33.0,48.0,39.0,35.0,41.0,,,,,,,47,44,49,0.32,81.0,89.0,74.0,,,,106.0,97.0,102.0,,,,91.0,91.0,85.0,90.0,99.0,90.0,,,,,,,97,95,93,,,
12730,2025,Nick Martinez,CIN,34,11,14,2.1,4.45,40,26,0,0,0,0,165.2,683,158,86,82,22,42,1,6,6,0,116,195,208,109,18,908,1670,2578,88,4,7,1,6.3,2.28,2.76,8.58,1.2,0.249,1.21,0.274,0.685,4.33,0.94,0.213,0.381,0.406,0.087,0.106,0.021,0.14300000000000002,19.4,145.0,0.9,20.2,20.3,$16.7,4.97,4.54,0.46,-11.35,11.81,4.88,0.47,0.91,0.92,1.04,1.12,38,0.69,-0.18,0.379,92.6,0.1,84.9,0.213,89.1,0.11,79.8,0.198,78.6,,,,,0.002,,-4.3,-0.8,1.8,1.2,0.2,,,-0.44,-0.3,0.33,0.43,0.04,,,0.28800000000000003,0.667,0.46799999999999997,0.6859999999999999,0.883,0.8190000000000001,0.47700000000000004,0.613,0.085,5,6,4,101,100,109,0.17,0.061,4.59,4.78,0.12,0.207,,0.212,,,0.171,0.102,0.11,,,0.198,,,,92.6,,89.1,,,92.5,84.9,79.8,,,78.5,,,-3.6,,0.5,,,-7.9,-0.2,0.7,,,-6.8,,,10.4,,6.7,,,8.4,1.4,-9.3,,,3.1,,,-4.4,,2.3,,,1.5,-0.8,1.4,,,0.1,,,-0.83,,0.43,,,0.35,-0.29,0.51,,,0.02,,,0.243,0.642,0.46799999999999997,0.617,0.879,0.8190000000000001,0.563,18.1,2.1,0.7,-0.6,0.1,34 - 34,0.10800000000000001,0.449,0.331,0.22,0.16,0.547,0.293,4.75,0.264,0.198,,0.11,0.21,0.213,,,,0.16899999999999998,0.10099999999999999,,78.5,,79.8,92.6,89.1,,,,92.5,84.9,,-6.5,,1.2,-3.2,1.1,,,,-7.6,0.4,,1.5,,-11.0,9.3,5.6,,,,7.2,-0.1,,0.2,,1.4,-6.1,2.2,,,,3.2,-0.5,,0.03,,0.49,-1.13,0.39,,,,0.73,-0.21,,0.244,0.64,0.46799999999999997,0.612,0.877,0.8170000000000001,0.5660000000000001,18.1,-0.6,75,72,105,101,103,102,93,94,96,77,74,107,90,107,90,110,95,91,102,106,90,88.3,16.2,36,0.069,111.4,179,0.345,519,0.17600000000000002,0.261,4.04,4.03,61.0,48.0,56.0,49.0,39.0,53.0,52.0,39.0,63.0,46.0,33.0,56.0,52.0,45.0,58.0,,,,54.0,34.0,62.0,,,,53,38,62,-0.09,112.0,101.0,106.0,82.0,106.0,86.0,86.0,114.0,92.0,91.0,105.0,98.0,93.0,106.0,100.0,,,,81.0,116.0,105.0,,,,91,108,99,,,
30182,2025,Will Warren,NYY,26,9,8,2.1,4.44,33,33,0,0,0,0,162.1,711,158,90,80,22,65,0,4,2,1,171,196,169,101,9,1074,1734,2808,82,18,4,1,9.48,3.6,2.63,8.76,1.22,0.246,1.37,0.303,0.698,4.07,1.16,0.217,0.42100000000000004,0.363,0.053,0.13,0.092,0.25,20.4,162.1,,,20.4,$16.7,4.42,3.91,-0.23,-11.88,11.65,-10.05,-1.03,0.96,0.88,0.88,1.18,33,-0.25,0.01,0.626,93.3,0.205,82.8,,,0.071,80.2,0.09699999999999999,87.1,,,,,0.002,,10.9,-10.5,,-5.4,-5.6,,,0.62,-1.82,,-2.71,-2.05,,,0.27699999999999997,0.6409999999999999,0.426,0.65,0.855,0.777,0.41100000000000003,0.639,0.095,0,0,0,110,95,93,0.24100000000000002,0.091,4.08,4.55,0.37,0.41600000000000004,,,,,0.21,0.20600000000000002,0.07,,,0.098,,,,93.3,,,,,93.2,82.7,80.2,,,87.0,,,-5.3,,,,,-10.1,10.3,6.6,,,-9.0,,,8.9,,,,,2.6,0.2,-6.1,,,0.7,,,8.8,,,,,5.1,-10.6,-4.6,,,-5.4,,,0.75,,,,,0.86,-1.84,-2.36,,,-1.97,,,0.245,0.606,0.42700000000000005,0.604,0.846,0.777,0.504,19.2,0.7,-0.7,-0.7,-1.4,26 - 26,0.149,0.391,0.37,0.23800000000000002,0.136,0.534,0.33,4.26,0.363,0.098,,0.071,0.41600000000000004,0.001,,,,0.209,0.20600000000000002,,86.9,,80.0,93.2,91.5,,,,93.1,82.6,,-8.6,,7.2,-4.7,0.8,,,,-9.5,11.3,,-0.8,,-7.8,8.0,5.3,,,,1.4,-1.2,,-5.4,,-5.4,8.9,0.0,,,,5.0,-9.9,,-1.97,,-2.75,0.76,0.94,,,,0.85,-1.73,,0.245,0.606,0.42700000000000005,0.604,0.843,0.775,0.504,19.2,1.6,110,111,99,106,101,102,107,106,96,107,108,111,102,93,108,95,107,99,86,103,102,91.0,12.2,51,0.10800000000000001,114.4,213,0.452,471,0.191,0.28600000000000003,4.57,3.83,48.0,53.0,43.0,37.0,49.0,35.0,54.0,55.0,53.0,56.0,63.0,51.0,62.0,71.0,50.0,,,,,,,,,,55,59,51,-0.22,86.0,98.0,88.0,111.0,88.0,84.0,97.0,100.0,100.0,104.0,103.0,112.0,105.0,101.0,113.0,,,,,,,,,,100,100,103,,,
26221,2025,Ryan Pepiot,TBR,27,11,12,2.0,3.86,31,31,0,0,0,0,167.2,679,134,77,72,26,61,0,6,5,0,167,169,188,85,19,962,1738,2700,92,13,2,0,8.96,3.27,2.74,7.19,1.4,0.219,1.16,0.258,0.753,4.36,0.9,0.192,0.382,0.425,0.10099999999999999,0.138,0.077,0.0,20.0,167.2,,,20.0,$16.3,4.51,4.07,0.74,-10.96,11.7,6.78,0.67,0.9,0.88,0.87,0.86,31,0.61,0.22,0.475,95.2,0.182,89.1,0.06,91.8,0.033,80.9,0.25,86.8,,,,,0.0,,1.0,-4.0,3.5,0.2,4.8,,,0.08,-0.81,2.14,0.26,0.72,,,0.322,0.72,0.5,0.635,0.84,0.767,0.44799999999999995,0.611,0.11599999999999999,0,0,0,94,103,97,0.24600000000000002,0.09,4.05,4.94,-0.49,0.451,,0.07,,,0.024,0.172,0.033,,,0.25,,,,95.2,,91.5,,,94.9,89.0,80.8,,,86.8,,,-4.8,,1.2,,,-7.8,3.5,9.0,,,-8.4,,,11.1,,8.0,,,9.1,5.1,-6.3,,,1.5,,,-0.7,,2.0,,,2.0,-2.2,0.8,,,5.2,,,-0.06,,1.08,,,3.01,-0.48,0.88,,,0.78,,,0.287,0.684,0.5,0.5820000000000001,0.8320000000000001,0.7659999999999999,0.537,17.9,2.8,0.9,-0.2,0.7,27 - 27,0.156,0.43,0.32,0.25,0.162,0.5,0.33799999999999997,4.17,0.374,0.25,,0.033,0.45,0.24,,,,0.026000000000000002,0.001,,86.7,,80.7,95.1,89.6,,,,94.5,84.8,,-8.4,,9.5,-4.6,3.2,,,,-7.4,5.6,,0.0,,-8.0,10.1,4.9,,,,8.1,-1.9,,5.1,,0.8,-1.1,-0.2,,,,2.2,-0.4,,0.76,,0.88,-0.09,-0.02,,,,3.13,-13.17,,0.284,0.6859999999999999,0.5,0.5720000000000001,0.835,0.7659999999999999,0.539,17.9,-0.5,104,101,103,87,116,91,91,90,103,109,106,98,92,109,115,105,92,104,103,96,105,90.1,15.9,43,0.09699999999999999,115.7,189,0.425,445,0.14300000000000002,0.259,4.0,3.57,70.0,72.0,64.0,25.0,58.0,20.0,57.0,57.0,50.0,38.0,40.0,42.0,49.0,45.0,50.0,,,,50.0,47.0,57.0,,,,58,59,54,-0.39,117.0,104.0,115.0,109.0,61.0,62.0,112.0,94.0,106.0,98.0,84.0,88.0,99.0,101.0,105.0,,,,97.0,99.0,101.0,,,,109,97,106,,,
22264,2025,Shane Baz,TBR,26,10,12,2.0,4.87,31,31,0,0,0,0,166.1,711,158,91,90,26,64,0,9,3,0,176,215,167,78,18,953,1771,2724,92,15,2,1,9.52,3.46,2.75,8.55,1.41,0.248,1.33,0.303,0.7190000000000001,4.37,1.29,0.17,0.467,0.363,0.10800000000000001,0.156,0.07,0.5,19.3,166.1,,,19.3,$15.7,4.27,3.88,-0.64,-12.05,11.4,-3.21,-0.33,0.89,0.8,0.87,1.0,31,-0.72,0.0,0.439,97.0,0.032,86.8,0.145,90.3,0.26899999999999996,85.0,0.114,89.3,,,,,0.002,,5.8,-7.3,-4.1,1.8,-2.3,,,0.48,-8.27,-1.03,0.25,-0.75,,,0.33799999999999997,0.672,0.489,0.602,0.86,0.762,0.451,0.623,0.11599999999999999,0,0,0,118,103,93,0.248,0.09,3.95,4.98,0.5,0.439,,0.147,,,,0.03,,0.26899999999999996,,0.114,,,,97.0,,90.2,,,,86.7,,85.0,,89.3,,,-6.2,,0.8,,,,1.6,,3.8,,-9.9,,,9.7,,4.5,,,,0.3,,-7.0,,5.3,,,5.9,,-3.8,,,,-7.4,,2.8,,-1.1,,,0.49,,-0.95,,,,-9.07,,0.39,,-0.37,,,0.303,0.6459999999999999,0.489,0.544,0.847,0.7609999999999999,0.54,20.9,1.2,-0.6,-0.1,-0.7,26 - 26,0.158,0.426,0.33799999999999997,0.23600000000000002,0.171,0.511,0.318,4.16,0.374,0.114,,0.26899999999999996,0.439,0.147,,,,,0.03,,89.2,,84.9,96.9,90.1,,,,,86.6,,-9.8,,4.4,-5.8,1.4,,,,,2.0,,4.1,,-8.5,8.7,3.5,,,,,-0.8,,-1.2,,2.8,5.8,-3.9,,,,,-7.3,,-0.4,,0.38,0.48,-0.98,,,,,-8.94,,0.3,0.645,0.488,0.526,0.851,0.76,0.545,20.9,-0.3,111,107,104,103,117,103,104,106,99,110,106,87,113,93,130,104,97,98,108,98,99,89.0,10.7,44,0.095,113.9,182,0.39399999999999996,462,0.16,0.276,3.86,4.09,51.0,51.0,47.0,,,,56.0,56.0,50.0,,,,30.0,42.0,32.0,57.0,55.0,65.0,53.0,59.0,51.0,,,,53,54,52,-0.05,83.0,101.0,88.0,,,,101.0,99.0,103.0,,,,108.0,81.0,95.0,125.0,99.0,119.0,105.0,98.0,109.0,,,,107,98,107,,,
13649,2025,Clay Holmes,NYM,32,12,8,1.9,3.53,33,31,0,0,0,0,165.2,708,150,74,65,14,66,0,13,6,1,129,276,133,86,10,1030,1736,2766,103,21,4,2,7.01,3.59,1.95,8.15,0.76,0.238,1.3,0.28,0.74,4.11,2.08,0.174,0.5579999999999999,0.26899999999999996,0.075,0.105,0.076,0.5,17.7,161.0,1.0,4.2,18.7,$15.3,4.04,4.25,0.64,-11.79,12.44,9.95,0.96,1.03,0.91,0.86,1.08,33,0.82,-0.2,0.461,93.7,0.299,83.2,0.083,89.9,,,0.156,88.1,,,,,0.001,,5.0,-5.2,2.7,,2.6,,,0.39,-0.63,1.18,,0.61,,,0.318,0.622,0.446,0.642,0.903,0.795,0.42,0.603,0.091,0,1,0,87,100,103,0.182,0.09300000000000001,4.43,5.6,-0.58,0.053,,0.083,,,0.41,0.298,,,,0.156,,,,93.2,,89.8,,,93.7,83.2,,,,88.1,,,-3.9,,0.3,,,-8.8,6.2,,,,-7.1,,,8.1,,3.1,,,2.2,-2.8,,,,0.8,,,0.8,,2.5,,,4.9,-4.3,,,,3.0,,,0.53,,1.11,,,0.43,-0.52,,,,0.68,,,0.281,0.604,0.446,0.573,0.892,0.794,0.511,19.2,2.7,0.5,0.3,0.8,32 - 32,0.08900000000000001,0.457,0.361,0.182,0.152,0.527,0.321,4.98,0.295,0.156,,,0.052000000000000005,0.083,,,,0.41200000000000003,0.297,,88.2,,,93.5,89.8,,,,93.8,83.3,,-7.0,,,-3.6,0.6,,,,-8.7,6.6,,-0.9,,,7.0,2.0,,,,0.7,-4.3,,2.5,,,0.1,1.5,,,,5.8,-3.1,,0.59,,,0.1,0.65,,,,0.51,-0.38,,0.29100000000000004,0.5920000000000001,0.446,0.5820000000000001,0.888,0.792,0.515,19.2,0.1,83,112,72,96,66,98,101,96,103,83,112,88,132,71,90,112,103,76,97,102,99,89.7,4.4,34,0.068,114.0,211,0.42200000000000004,500,0.18,0.271,4.33,4.07,59.0,48.0,58.0,,,,38.0,36.0,49.0,50.0,48.0,46.0,56.0,47.0,56.0,,,,20.0,53.0,25.0,,,,53,49,51,-0.06,105.0,109.0,111.0,,,,73.0,109.0,69.0,101.0,105.0,114.0,117.0,97.0,109.0,,,,93.0,77.0,76.0,,,,104,101,106,,,
30134,2025,Tanner Bibee,CLE,26,12,11,1.9,4.24,31,31,2,1,0,0,182.1,762,170,93,86,27,54,1,10,3,1,162,238,208,86,23,1066,1905,2971,97,15,4,3,8.0,2.67,3.0,8.39,1.33,0.244,1.23,0.281,0.7190000000000001,4.34,1.14,0.162,0.447,0.391,0.111,0.13,0.063,0.75,18.5,182.1,,,18.5,$14.9,4.07,4.17,-0.6,-13.99,13.39,-3.27,-0.32,0.97,0.92,0.86,1.1,29,0.24,-0.86,0.43,94.3,0.209,86.3,,,0.209,82.2,0.152,81.8,,,,,0.002,,-6.3,7.1,,0.5,-1.9,,,-0.49,1.15,,0.08,-0.43,,,0.301,0.6609999999999999,0.462,0.625,0.8740000000000001,0.784,0.445,0.644,0.1,0,0,0,105,105,100,0.213,0.071,4.15,4.79,-0.09,0.273,,0.209,,,0.157,0.158,0.051,,,0.152,,,,94.4,,86.2,,,94.1,83.0,79.7,,,81.8,,,-3.7,,3.8,,,-8.7,8.4,5.3,,,-7.5,,,8.7,,2.1,,,5.9,-0.8,-4.6,,,6.7,,,-4.3,,6.2,,,-0.3,4.5,-0.8,,,-1.8,,,-0.53,,1.01,,,-0.07,0.96,-0.53,,,-0.39,,,0.258,0.6409999999999999,0.462,0.5579999999999999,0.8640000000000001,0.784,0.531,19.9,1.7,0.1,-0.3,-0.2,26 - 26,0.142,0.40700000000000003,0.33799999999999997,0.256,0.16,0.5539999999999999,0.285,4.34,0.319,0.151,,0.049,0.27699999999999997,,,,,0.153,0.369,0.0,81.8,,79.6,94.4,,,,,94.1,84.8,61.5,-7.0,,5.8,-3.3,,,,,-8.2,6.6,0.0,5.4,,-6.3,7.6,,,,,4.6,-0.6,0.0,-1.8,,-0.1,-4.7,,,,,-0.2,10.0,0.0,-0.39,,-0.1,-0.57,,,,,-0.04,0.91,-3.51,0.262,0.635,0.461,0.552,0.868,0.785,0.535,19.9,1.1,93,82,113,101,111,101,96,98,98,94,83,83,108,100,108,99,97,106,102,107,89,88.5,13.8,43,0.08,115.8,196,0.366,536,0.17800000000000002,0.27699999999999997,3.62,4.16,52.0,55.0,46.0,56.0,47.0,60.0,40.0,37.0,46.0,50.0,44.0,56.0,58.0,57.0,53.0,,,,65.0,68.0,53.0,,,,52,50,53,0.0,114.0,98.0,106.0,106.0,107.0,99.0,84.0,98.0,83.0,111.0,100.0,113.0,112.0,94.0,106.0,,,,101.0,101.0,107.0,,,,102,99,101,,,
23920,2025,Brayan Bello,BOS,26,11,9,1.9,3.35,29,28,1,0,0,0,166.2,700,147,71,62,16,59,0,13,5,0,124,250,156,96,10,1023,1675,2698,94,18,2,0,6.7,3.19,2.1,7.94,0.86,0.234,1.24,0.268,0.753,4.19,1.6,0.191,0.498,0.311,0.064,0.10300000000000001,0.07200000000000001,0.0,20.0,161.2,-1.2,5.0,18.7,$15.4,4.65,4.39,1.31,-10.9,12.21,14.1,1.4,0.96,0.88,0.88,1.17,28,0.81,0.56,0.501,95.3,0.19,85.7,0.157,88.3,,,0.152,88.8,,,,,0.0,,4.1,-0.6,3.6,,-0.4,,,0.3,-0.11,0.84,,-0.1,,,0.31,0.665,0.457,0.6609999999999999,0.912,0.812,0.41200000000000003,0.63,0.086,0,1,0,78,100,105,0.177,0.084,4.55,5.08,-0.84,0.151,,0.157,,,0.35,0.19,,,,0.152,,,,95.1,,88.2,,,95.3,85.7,,,,88.8,,,-5.0,,0.0,,,-10.2,4.9,,,,-9.8,,,7.7,,1.6,,,3.5,-1.7,,,,2.8,,,-2.0,,3.6,,,7.7,-0.8,,,,-0.1,,,-0.5,,0.85,,,0.82,-0.15,,,,-0.02,,,0.264,0.645,0.457,0.588,0.9009999999999999,0.812,0.506,20.1,3.5,0.6,1.0,1.6,26 - 26,0.09300000000000001,0.413,0.349,0.23800000000000002,0.131,0.562,0.308,4.93,0.284,0.152,,,0.149,0.157,,,,0.35200000000000004,0.19,,88.8,,,95.1,88.2,,,,95.3,85.7,,-9.7,,,-4.7,0.4,,,,-10.0,5.5,,1.4,,,6.8,0.4,,,,2.2,-3.1,,0.0,,,-2.2,3.6,,,,7.9,-0.8,,-0.01,,,-0.55,0.85,,,,0.83,-0.15,,0.267,0.645,0.457,0.606,0.894,0.81,0.502,20.1,0.0,78,98,79,96,72,97,96,94,103,79,99,98,120,80,85,100,100,99,83,108,96,88.8,9.0,36,0.071,113.7,198,0.39299999999999996,504,0.163,0.249,4.48,4.4,39.0,41.0,45.0,,,,42.0,42.0,50.0,49.0,51.0,44.0,51.0,52.0,49.0,,,,62.0,65.0,55.0,,,,49,50,50,0.16,80.0,97.0,80.0,,,,89.0,100.0,83.0,111.0,94.0,106.0,92.0,110.0,101.0,,,,94.0,108.0,107.0,,,,96,101,98,,,
12049,2025,Kyle Hendricks,LAA,35,8,10,1.8,4.76,31,31,0,0,0,0,164.2,695,167,92,87,25,43,3,5,0,0,114,204,225,101,28,858,1716,2574,85,14,3,0,6.23,2.35,2.65,9.13,1.37,0.258,1.28,0.28,0.6829999999999999,4.6,0.91,0.191,0.385,0.425,0.124,0.111,0.069,0.0,17.9,164.2,,,17.9,$14.5,4.69,4.73,-0.66,-12.5,11.84,-5.58,-0.72,0.94,0.92,0.87,1.13,31,-0.86,0.16,0.534,86.3,,,,,0.08199999999999999,72.3,0.384,79.5,,,,,0.004,,-3.9,,,-7.0,5.5,,,-0.29,,,-3.28,0.56,,,0.345,0.659,0.479,0.7659999999999999,0.878,0.8320000000000001,0.42700000000000005,0.6579999999999999,0.08,0,0,0,115,109,114,0.16399999999999998,0.062,4.73,4.65,0.16,0.152,,,,,0.382,,0.08199999999999999,,,0.384,,,,86.5,,,,,86.2,,72.2,,,79.5,,,-4.0,,,,,-8.7,,8.1,,,-6.9,,,8.2,,,,,4.3,,-6.0,,,5.1,,,1.2,,,,,-5.1,,-6.9,,,5.8,,,0.31,,,,,-0.52,,-3.24,,,0.59,,,0.3,0.624,0.479,0.725,0.8740000000000001,0.8320000000000001,0.552,18.4,1.2,0.2,-0.8,-0.6,35 - 35,0.102,0.349,0.418,0.233,0.212,0.522,0.266,4.82,0.262,0.384,,0.08199999999999999,0.149,,,,,0.385,,,79.6,,72.4,86.6,,,,,86.3,,,-6.2,,9.1,-3.3,,,,,-8.0,,,3.6,,-7.7,7.1,,,,,3.0,,,5.5,,-6.9,0.3,,,,,-4.1,,,0.56,,-3.24,0.07,,,,,-0.42,,,0.306,0.617,0.479,0.725,0.8740000000000001,0.8320000000000001,0.557,18.4,-1.3,73,73,100,110,113,107,99,97,94,73,73,97,93,109,92,85,120,96,134,100,83,86.1,16.3,44,0.083,112.5,183,0.34299999999999997,533,0.18600000000000003,0.267,3.92,4.02,57.0,32.0,58.0,55.0,37.0,59.0,42.0,41.0,56.0,55.0,40.0,63.0,,,,,,,,,,,,,54,34,63,-0.09,84.0,112.0,98.0,79.0,108.0,92.0,72.0,108.0,78.0,86.0,103.0,90.0,,,,,,,,,,,,,83,108,91,,,
27782,2025,Brandon Pfaadt,ARI,26,13,9,1.7,5.25,33,33,0,0,0,0,176.2,767,198,107,103,26,37,2,12,3,0,147,239,196,133,12,1021,1902,2923,109,15,2,1,7.49,1.88,3.97,10.09,1.32,0.276,1.33,0.316,0.665,4.22,1.22,0.23399999999999999,0.42100000000000004,0.345,0.061,0.133,0.063,0.5,16.4,176.2,,,16.4,$13.2,4.91,4.01,-1.03,-13.78,12.75,-16.4,-1.71,0.94,0.89,0.88,0.91,33,-1.02,-0.07,0.467,93.4,0.185,84.9,0.08800000000000001,89.9,0.102,82.1,0.158,87.4,,,,,0.004,,-0.2,-11.3,4.1,-9.4,-2.4,,,-0.02,-2.09,1.59,-3.15,-0.52,,,0.33,0.701,0.49,0.6729999999999999,0.8909999999999999,0.8079999999999999,0.43200000000000005,0.643,0.094,0,0,0,123,105,97,0.192,0.048,4.12,5.55,1.03,0.235,,0.08900000000000001,,,0.23399999999999999,0.18600000000000003,0.099,,,0.157,,,,93.6,,89.8,,,93.1,84.8,82.1,,,87.3,,,-4.1,,0.4,,,-9.4,5.1,5.4,,,-9.8,,,9.0,,3.9,,,4.2,3.1,-4.6,,,2.6,,,-0.9,,4.2,,,2.7,-11.1,-9.4,,,-2.0,,,-0.14,,1.61,,,0.4,-2.05,-3.25,,,-0.43,,,0.289,0.67,0.49,0.614,0.882,0.807,0.528,18.9,0.5,-1.0,-0.1,-1.1,26 - 26,0.14300000000000002,0.46,0.342,0.198,0.12300000000000001,0.489,0.38799999999999996,4.32,0.27399999999999997,0.157,,0.098,0.235,0.09,,,,0.23399999999999999,0.187,,87.3,,82.0,93.6,89.7,,,,93.1,84.8,,-9.3,,6.1,-3.5,1.3,,,,-8.9,6.0,,1.3,,-6.1,8.1,2.9,,,,2.9,1.8,,-2.0,,-9.4,-2.3,4.4,,,,4.3,-11.4,,-0.45,,-3.3,-0.33,1.67,,,,0.64,-2.08,,0.293,0.6629999999999999,0.49,0.61,0.883,0.807,0.5329999999999999,18.9,0.0,89,59,151,119,115,113,103,108,93,87,58,118,100,91,113,112,98,82,78,94,119,90.8,12.5,62,0.109,114.8,261,0.457,571,0.159,0.253,5.28,3.73,56.0,47.0,62.0,48.0,49.0,50.0,54.0,54.0,52.0,56.0,44.0,55.0,56.0,58.0,51.0,,,,63.0,53.0,55.0,,,,57,50,56,-0.28,76.0,107.0,90.0,100.0,96.0,94.0,102.0,101.0,101.0,94.0,110.0,106.0,114.0,98.0,106.0,,,,93.0,113.0,110.0,,,,97,104,101,,,
17677,2025,Jeffrey Springs,ATH,32,11,11,1.7,4.11,32,30,0,0,0,0,171.0,713,153,90,78,28,54,0,3,0,3,138,163,235,115,32,1056,1793,2849,102,12,5,1,7.26,2.84,2.56,8.05,1.47,0.233,1.21,0.255,0.703,4.65,0.69,0.22399999999999998,0.318,0.45799999999999996,0.136,0.11900000000000001,0.07400000000000001,0.2,15.3,158.1,1.8,12.2,17.1,$13.9,5.18,4.64,-0.54,-11.32,10.78,-6.2,-0.58,0.86,0.82,0.87,0.76,32,-0.07,-0.56,0.426,90.7,0.273,82.0,0.048,87.0,,,0.253,79.2,,,,,0.001,,-4.1,6.2,-3.0,,-1.9,,,-0.33,0.8,-2.18,,-0.27,,,0.318,0.669,0.461,0.642,0.8440000000000001,0.7609999999999999,0.40700000000000003,0.603,0.11,0,0,1,97,110,111,0.19399999999999998,0.076,4.6,5.37,-0.54,0.42700000000000005,,0.054000000000000006,,,,0.266,,,,0.253,,,,90.7,,86.9,,,,81.8,,,,79.1,,,7.2,,0.9,,,,-3.0,,,,7.7,,,9.3,,4.9,,,,1.2,,,,4.1,,,-3.0,,-3.0,,,,7.6,,,,0.7,,,-0.25,,-1.96,,,,1.0,,,,0.1,,,0.276,0.637,0.46,0.58,0.835,0.76,0.512,19.1,1.8,1.1,-1.1,0.0,32 - 32,0.11800000000000001,0.376,0.373,0.251,0.174,0.512,0.315,4.63,0.309,0.253,,,0.425,0.055,,,,,0.266,,79.2,,,90.8,86.8,,,,,81.9,,7.0,,,6.4,0.1,,,,,-4.0,,2.5,,,8.2,4.0,,,,,-0.2,,0.7,,,-3.2,-4.2,,,,,9.0,,0.1,,,-0.26,-2.68,,,,,1.19,,0.267,0.638,0.46,0.5760000000000001,0.83,0.76,0.522,19.1,-1.1,85,88,96,97,122,97,94,89,96,86,89,115,77,117,99,92,107,104,110,98,98,88.3,19.2,42,0.081,115.3,193,0.373,518,0.16699999999999998,0.27699999999999997,4.29,4.65,64.0,49.0,60.0,,,,43.0,41.0,47.0,,,,48.0,34.0,53.0,,,,20.0,34.0,24.0,,,,47,40,51,0.33,100.0,113.0,110.0,,,,90.0,93.0,80.0,,,,94.0,97.0,102.0,,,,91.0,78.0,70.0,,,,94,98,93,,,
18684,2025,Sandy Alcantara,MIA,29,11,12,1.7,5.36,31,31,0,0,0,0,174.2,745,165,107,104,22,57,0,9,8,2,142,249,175,111,11,986,1907,2893,94,17,1,1,7.32,2.94,2.49,8.5,1.13,0.243,1.27,0.278,0.619,4.28,1.42,0.207,0.465,0.327,0.063,0.126,0.068,1.0,17.2,174.2,,,17.2,$13.9,4.73,4.19,-1.29,-13.62,12.32,-18.1,-1.86,0.97,0.9,0.87,0.89,31,0.1,-1.43,0.431,97.4,0.156,89.5,,,0.182,85.4,0.231,90.5,,,,,0.001,,2.7,3.6,,-6.1,-2.2,,,0.22,0.79,,-1.17,-0.33,,,0.324,0.698,0.49200000000000005,0.674,0.889,0.8109999999999999,0.45,0.63,0.09300000000000001,0,0,0,126,103,101,0.191,0.077,4.38,4.84,1.08,0.21100000000000002,,,,,0.21899999999999997,0.158,0.18,,,0.23199999999999998,,,,97.6,,,,,97.2,89.4,85.3,,,90.4,,,-8.8,,,,,-10.7,0.0,1.0,,,-10.4,,,7.5,,,,,5.1,3.1,-0.5,,,3.2,,,-3.3,,,,,7.0,4.0,-6.1,,,-1.8,,,-0.54,,,,,1.1,0.88,-1.17,,,-0.26,,,0.295,0.664,0.493,0.615,0.8859999999999999,0.81,0.535,18.1,0.4,0.6,-1.9,-1.4,29 - 29,0.114,0.451,0.321,0.228,0.121,0.534,0.345,4.68,0.297,0.231,,0.185,0.171,,,,,0.26,0.153,,90.4,,85.5,97.7,,,,,97.1,89.2,,-10.1,,1.6,-8.1,,,,,-10.0,0.6,,1.6,,-2.0,6.6,,,,,3.9,1.7,,-2.6,,-2.0,-6.2,,,,,11.1,-0.1,,-0.39,,-0.37,-1.25,,,,,1.48,-0.01,,0.297,0.66,0.493,0.619,0.882,0.809,0.539,18.1,0.7,87,92,95,100,98,100,98,95,86,87,92,105,110,86,107,110,92,94,77,103,106,90.7,9.3,46,0.086,117.9,241,0.449,537,0.16399999999999998,0.257,4.63,3.61,60.0,52.0,58.0,53.0,52.0,50.0,56.0,47.0,57.0,63.0,52.0,59.0,53.0,49.0,55.0,,,,,,,,,,58,50,57,-0.36,106.0,100.0,107.0,119.0,95.0,107.0,103.0,101.0,92.0,107.0,107.0,118.0,110.0,100.0,110.0,,,,,,,,,,108,101,107,,,
15823,2025,Zack Littell,- - -,29,10,8,1.5,3.81,32,32,1,0,0,0,186.2,759,174,81,79,36,32,1,7,3,0,130,235,240,108,29,921,1868,2789,100,13,4,3,6.27,1.54,4.06,8.39,1.74,0.242,1.1,0.249,0.812,4.88,0.98,0.185,0.40299999999999997,0.41200000000000003,0.121,0.15,0.055,0.75,14.6,186.2,,,14.6,$11.7,5.02,4.35,0.33,-12.72,13.05,12.22,1.3,0.93,0.91,0.87,1.09,31,0.46,-0.11,0.397,91.9,0.054000000000000006,79.5,0.275,87.3,,,,,0.273,83.5,,,0.001,,6.3,2.8,-3.6,,,-3.1,,0.57,1.87,-0.47,,,-0.41,,0.349,0.708,0.514,0.7090000000000001,0.883,0.8190000000000001,0.45899999999999996,0.634,0.09300000000000001,0,0,0,90,114,104,0.171,0.042,4.4,4.82,-1.07,0.23800000000000002,,,0.273,,0.16,0.32899999999999996,,,,,,,,92.1,,,83.4,,91.5,86.0,,,,,,,-4.4,,,-6.9,,-8.3,1.4,,,,,,,9.3,,,-0.2,,7.3,3.3,,,,,,,6.1,,,-2.3,,0.1,-0.1,,,,,,,0.92,,,-0.31,,0.03,-0.01,,,,,,,0.303,0.684,0.515,0.642,0.879,0.818,0.557,18.0,3.8,1.6,0.7,2.4,29 - 29,0.129,0.441,0.359,0.19899999999999998,0.15,0.503,0.348,4.5,0.261,,,,0.23800000000000002,,0.273,,,0.16,0.32899999999999996,,,,,92.0,,83.3,,,91.3,85.9,,,,,-4.2,,-6.8,,,-8.2,1.8,,,,,8.3,,-1.9,,,6.1,2.0,,,,,5.3,,-1.8,,,1.2,0.2,,,,,0.79,,-0.24,,,0.27,0.02,,0.302,0.682,0.515,0.637,0.879,0.8170000000000001,0.561,18.0,-0.5,74,48,154,101,146,100,86,86,112,77,50,94,97,106,126,107,103,83,95,97,108,90.2,14.6,58,0.098,114.5,240,0.40700000000000003,590,0.152,0.245,4.36,4.67,,,,,,,44.0,28.0,57.0,44.0,28.0,61.0,40.0,28.0,52.0,,,,,,,60.0,56.0,57.0,46,35,56,0.34,,,,,,,78.0,111.0,88.0,78.0,99.0,79.0,78.0,106.0,98.0,,,,,,,103.0,98.0,98.0,85,104,93,,,
30122,2025,Gavin Williams,CLE,25,12,5,1.4,3.06,31,31,0,0,0,0,167.2,704,130,62,57,23,83,0,3,9,1,173,198,160,85,12,1123,1802,2925,77,11,2,1,9.29,4.46,2.08,6.98,1.23,0.21,1.27,0.254,0.838,4.39,1.24,0.192,0.447,0.361,0.075,0.14400000000000002,0.055999999999999994,0.5,14.4,167.2,,,14.4,$11.5,4.52,4.08,1.77,-10.74,12.52,19.92,2.08,0.98,0.9,0.87,1.15,31,1.38,0.44,0.44,96.5,0.196,86.6,0.14,91.8,0.22399999999999998,82.1,0.001,87.5,,,,,,,-4.5,4.4,1.4,3.4,0.0,,,-0.35,0.77,0.34,0.52,0.63,,,0.295,0.677,0.457,0.534,0.8640000000000001,0.742,0.424,0.575,0.11800000000000001,0,0,0,76,107,98,0.24600000000000002,0.11800000000000001,4.35,4.13,-1.33,0.374,,0.14,,,0.066,0.198,0.222,,,0.001,,,,96.6,,91.7,,,95.9,86.6,82.0,,,87.6,,,-7.1,,-2.2,,,-9.4,4.7,4.9,,,-3.4,,,9.0,,4.3,,,5.8,-0.3,-7.3,,,2.7,,,-6.2,,1.6,,,2.3,3.8,6.9,,,0.0,,,-0.57,,0.4,,,1.18,0.65,1.07,,,0.63,,,0.265,0.637,0.457,0.462,0.855,0.7440000000000001,0.515,19.2,4.2,1.1,1.6,2.7,25 - 25,0.128,0.40700000000000003,0.373,0.22,0.139,0.528,0.33299999999999996,4.51,0.396,0.001,,0.22,0.376,0.14,,,,0.062,0.2,,92.0,,82.0,96.7,91.7,,,,95.9,86.6,,-9.5,,5.7,-6.4,-1.4,,,,-9.0,5.6,,4.0,,-9.1,7.9,3.1,,,,4.6,-1.8,,-0.2,,6.4,-5.8,1.4,,,,1.9,3.8,,-5.18,,1.0,-0.53,0.35,,,,1.05,0.65,,0.27,0.634,0.457,0.456,0.858,0.742,0.512,19.2,0.6,108,138,79,84,102,87,99,88,115,109,139,98,108,92,120,99,107,91,88,102,103,90.4,9.8,40,0.09,115.0,197,0.44299999999999995,445,0.159,0.27699999999999997,4.29,4.4,20.0,59.0,20.0,46.0,54.0,44.0,56.0,55.0,54.0,51.0,47.0,51.0,44.0,63.0,38.0,,,,46.0,44.0,54.0,,,,49,53,49,0.16,87.0,34.0,28.0,116.0,90.0,103.0,100.0,95.0,95.0,100.0,107.0,109.0,105.0,92.0,98.0,,,,86.0,99.0,101.0,,,,103,95,99,,,
14168,2025,Jose Berrios,TOR,31,9,5,1.3,4.17,31,30,0,0,0,0,166.0,698,160,86,77,26,56,2,7,1,1,138,205,196,93,21,945,1639,2584,119,11,3,1,7.48,3.04,2.46,8.67,1.41,0.252,1.3,0.285,0.7340000000000001,4.65,1.05,0.188,0.415,0.397,0.107,0.133,0.054000000000000006,0.33299999999999996,13.6,164.0,-0.7,2.0,12.9,$10.4,4.69,4.43,0.17,-11.77,11.94,-3.72,-0.34,0.93,0.85,0.85,0.92,31,-0.02,0.21,0.514,92.5,,,0.059000000000000004,89.7,0.26,82.6,0.168,85.2,,,,,0.003,,1.0,,-0.5,-2.6,-1.6,,,0.07,,-0.34,-0.39,-0.37,,,0.313,0.6809999999999999,0.45899999999999996,0.6559999999999999,0.899,0.799,0.39799999999999996,0.643,0.092,0,0,0,103,110,106,0.198,0.08,4.46,6.45,-0.47,0.185,,0.059000000000000004,,,0.32899999999999996,,0.26,,,0.168,,,,93.0,,89.6,,,92.2,,82.5,,,85.2,,,-6.3,,-0.8,,,-9.8,,7.8,,,-8.8,,,8.8,,5.8,,,6.4,,-2.4,,,2.7,,,-2.1,,-0.6,,,4.1,,-1.6,,,-1.4,,,-0.44,,-0.38,,,0.49,,-0.24,,,-0.31,,,0.28800000000000003,0.622,0.45899999999999996,0.5820000000000001,0.897,0.8,0.512,19.6,1.4,0.0,0.1,0.1,31 - 31,0.11699999999999999,0.435,0.342,0.223,0.131,0.5329999999999999,0.336,4.64,0.315,0.168,,,0.177,0.06,,,,0.336,0.26,,85.2,,,93.0,89.5,,,,92.2,82.5,,-8.4,,,-5.8,-0.1,,,,-9.3,8.6,,1.3,,,7.8,4.8,,,,5.3,-3.9,,-1.4,,,-1.8,-0.5,,,,3.8,-1.6,,-0.32,,,-0.4,-0.31,,,,0.44,-0.24,,0.28600000000000003,0.627,0.45899999999999996,0.581,0.8959999999999999,0.799,0.507,19.6,2.0,87,94,93,105,117,105,101,99,101,88,94,96,100,102,110,106,98,93,83,103,104,90.3,15.1,56,0.113,118.1,211,0.425,497,0.17300000000000001,0.265,4.79,4.72,53.0,36.0,65.0,54.0,51.0,55.0,46.0,44.0,51.0,42.0,35.0,48.0,,,,,,,43.0,43.0,49.0,,,,46,37,54,0.37,81.0,112.0,99.0,96.0,99.0,94.0,86.0,101.0,86.0,89.0,100.0,93.0,,,,,,,86.0,100.0,90.0,,,,89,102,93,,,
19291,2025,Zac Gallen,ARI,29,13,15,1.1,4.83,33,33,0,0,0,0,192.0,813,176,109,103,31,66,1,4,2,0,175,246,213,105,7,1160,1975,3135,109,15,4,1,8.2,3.09,2.65,8.25,1.45,0.237,1.26,0.27,0.6759999999999999,4.5,1.15,0.18600000000000003,0.436,0.37799999999999995,0.033,0.146,0.061,0.25,10.7,192.0,,,10.7,$8.5,4.67,4.12,-1.46,-14.78,13.32,-8.74,-0.85,0.94,0.9,0.88,0.87,33,-0.68,-0.87,0.474,93.6,0.07400000000000001,88.2,0.055999999999999994,89.6,0.235,81.1,0.16,86.3,,,,,0.001,,4.8,-3.0,-6.3,-2.2,2.7,,,0.32,-1.29,-3.56,-0.3,0.53,,,0.311,0.6459999999999999,0.446,0.604,0.9179999999999999,0.7879999999999999,0.40399999999999997,0.662,0.095,0,0,0,114,113,99,0.215,0.081,4.24,5.11,0.32,0.451,,0.057999999999999996,,,0.025,0.07200000000000001,,0.235,,0.16,,,,93.5,,89.5,,,93.3,88.0,,81.1,,86.3,,,-3.3,,1.0,,,-7.0,2.3,,1.9,,-7.8,,,10.1,,5.6,,,8.5,2.6,,-6.3,,2.7,,,6.6,,-5.8,,,-0.2,-3.1,,-1.7,,4.0,,,0.47,,-3.19,,,-0.28,-1.35,,-0.23,,0.8,,,0.29600000000000004,0.604,0.446,0.542,0.912,0.787,0.488,17.3,1.3,0.9,-0.7,0.2,29 - 29,0.134,0.447,0.313,0.239,0.127,0.521,0.35200000000000004,4.44,0.335,0.16,,0.235,0.452,0.053,,,,0.024,0.077,,86.3,,81.0,93.5,89.5,,,,93.1,88.1,,-7.1,,2.7,-2.5,2.0,,,,-6.3,3.1,,1.2,,-8.0,8.9,4.2,,,,6.8,1.5,,4.0,,-1.7,5.7,-8.6,,,,0.6,-0.2,,0.8,,-0.23,0.41,-5.21,,,,0.87,-0.09,,0.298,0.607,0.446,0.5479999999999999,0.9129999999999999,0.7859999999999999,0.479,17.3,-0.2,98,97,101,97,126,97,97,93,94,98,98,94,103,99,124,109,90,99,81,101,108,90.1,12.4,55,0.09699999999999999,112.0,244,0.43,568,0.18100000000000002,0.276,4.28,4.22,55.0,48.0,62.0,,,,54.0,53.0,56.0,42.0,41.0,46.0,38.0,33.0,49.0,55.0,39.0,63.0,50.0,42.0,59.0,,,,51,43,58,0.04,83.0,107.0,99.0,,,,98.0,99.0,97.0,85.0,110.0,101.0,91.0,96.0,92.0,91.0,117.0,111.0,93.0,106.0,103.0,,,,93,105,101,,,
27636,2025,Mitchell Parker,WSN,25,9,16,0.9,5.68,33,30,0,0,1,0,164.2,725,178,116,104,25,58,0,4,3,0,103,205,221,129,21,924,1783,2707,74,10,5,3,5.63,3.17,1.78,9.73,1.37,0.268,1.43,0.286,0.605,4.99,0.93,0.23199999999999998,0.369,0.39799999999999996,0.095,0.113,0.049,0.6,6.9,158.1,1.7,6.1,8.7,$7.0,5.61,5.08,-1.92,-12.18,10.25,-31.67,-3.24,0.85,0.8,0.98,0.69,31,-2.26,0.0,0.556,93.0,0.11800000000000001,85.0,,,0.221,81.2,,,0.105,85.4,,,0.001,,-7.7,-1.3,,-6.9,,-1.9,,-0.51,-0.42,,-1.15,,-0.67,,0.327,0.73,0.509,0.674,0.892,0.816,0.452,0.619,0.094,0,2,0,135,120,122,0.142,0.08,5.2,4.04,0.7,0.555,,,0.106,,,0.11900000000000001,0.22,,,,,,,93.0,,,85.4,,,85.0,81.1,,,,,,3.7,,,4.3,,,-2.0,0.1,,,,,,10.6,,,5.4,,,1.6,-3.8,,,,,,-3.9,,,-1.4,,,-2.3,-5.7,,,,,,-0.26,,,-0.47,,,-0.72,-0.96,,,,,,0.294,0.691,0.509,0.589,0.897,0.816,0.542,20.3,-0.8,0.3,-1.9,-1.7,25 - 25,0.062,0.38799999999999996,0.348,0.264,0.125,0.493,0.382,5.3,0.257,,,0.221,0.555,,0.105,,,,0.11900000000000001,,,,81.2,93.0,,85.5,,,,85.0,,,,-0.4,3.3,,3.9,,,,-2.8,,,,-5.2,9.4,,4.1,,,,0.4,,,,-6.5,-3.7,,-2.0,,,,-1.2,,,,-1.09,-0.25,,-0.71,,,,-0.37,,0.298,0.684,0.509,0.604,0.893,0.816,0.546,20.3,-1.6,67,99,67,115,118,110,111,98,84,65,96,117,88,105,97,95,100,110,80,95,118,92.3,14.7,54,0.096,115.4,280,0.5,560,0.147,0.24,5.94,4.75,,,,55.0,51.0,57.0,48.0,46.0,50.0,,,,46.0,54.0,49.0,,,,,,,45.0,44.0,45.0,46,43,50,0.39,,,,94.0,111.0,102.0,88.0,100.0,90.0,,,,96.0,101.0,94.0,,,,,,,98.0,101.0,95.0,91,103,94,,,
26108,2025,Andre Pallante,STL,26,6,15,0.7,5.31,31,31,0,0,0,0,162.2,715,173,109,96,21,62,0,5,12,2,111,314,122,95,10,1066,1656,2722,70,15,5,4,6.14,3.43,1.79,9.57,1.16,0.267,1.44,0.295,0.622,4.68,2.57,0.179,0.591,0.23,0.08199999999999999,0.172,0.048,0.8,7.3,162.2,,,7.3,$5.8,4.72,4.16,-2.83,-14.04,11.21,-27.37,-2.83,0.96,0.82,0.87,0.83,31,-1.3,-1.65,0.574,94.6,0.285,87.4,,,0.141,78.3,,,,,,,0.001,,-15.9,1.3,,-4.7,,,,-1.02,0.17,,-1.23,,,,0.28800000000000003,0.6990000000000001,0.457,0.604,0.899,0.79,0.413,0.624,0.096,0,0,0,129,115,101,0.155,0.087,4.44,3.87,0.63,0.44,,,,,0.132,0.287,,0.14,,,,,,94.5,,,,,95.0,87.4,,78.2,,,,,-0.7,,,,,-6.2,2.2,,1.7,,,,,6.1,,,,,8.3,-0.1,,-9.0,,,,,-8.8,,,,,-2.3,1.0,,-4.4,,,,,-0.73,,,,,-0.63,0.13,,-1.15,,,,,0.248,0.675,0.45799999999999996,0.513,0.8959999999999999,0.79,0.491,20.3,-0.8,-0.1,-1.4,-1.5,26 - 26,0.069,0.424,0.36,0.21600000000000003,0.166,0.515,0.319,5.22,0.271,,,0.14,0.44,,,,,0.135,0.28600000000000003,,,,78.2,94.5,,,,,95.0,87.4,,,,2.1,-0.2,,,,,-5.8,2.7,,,,-10.8,4.8,,,,,7.3,-1.4,,,,-4.4,-12.2,,,,,0.8,1.2,,,,-1.15,-1.02,,,,,0.23,0.16,,0.254,0.672,0.45799999999999996,0.524,0.8959999999999999,0.79,0.488,20.3,0.5,73,108,68,113,101,109,111,101,87,71,104,90,140,60,147,104,103,90,106,99,98,89.2,1.4,35,0.065,119.4,214,0.39899999999999997,537,0.15,0.245,4.3,4.99,,,,,,,51.0,48.0,47.0,36.0,51.0,39.0,40.0,43.0,46.0,34.0,47.0,25.0,,,,,,,43,43,43,0.55,,,,,,,92.0,107.0,107.0,100.0,89.0,88.0,93.0,96.0,93.0,93.0,106.0,85.0,,,,,,,94,101,97,,,
21504,2025,Jake Irvin,WSN,28,9,13,-0.4,5.7,33,33,0,0,0,0,180.0,787,195,120,114,38,62,0,6,3,1,124,253,225,113,15,1046,1901,2947,105,22,4,2,6.2,3.1,2.0,9.75,1.9,0.271,1.43,0.282,0.682,5.64,1.12,0.191,0.428,0.381,0.067,0.16899999999999998,0.087,0.5,-4.1,180.0,,,-4.1,($3.1),5.78,4.82,-2.96,-15.09,12.13,-27.41,-2.85,0.88,0.84,0.85,1.04,33,-2.6,-0.77,0.539,92.2,0.037000000000000005,83.9,0.043,87.4,0.302,78.0,0.08,85.7,,,,,0.001,,-9.0,-0.1,1.6,-10.7,-7.8,,,-0.57,-0.09,1.28,-1.21,-3.31,,,0.301,0.654,0.466,0.71,0.9009999999999999,0.835,0.46799999999999997,0.649,0.077,0,0,0,135,135,116,0.158,0.079,4.92,5.25,0.06,0.322,,0.040999999999999995,,,0.21899999999999997,0.044000000000000004,0.29600000000000004,,,0.077,,,,92.4,,87.4,,,91.9,83.8,77.8,,,85.6,,,-6.1,,0.7,,,-10.1,3.4,7.8,,,-9.5,,,8.4,,4.0,,,3.9,0.4,-2.4,,,2.9,,,-12.2,,2.1,,,4.7,0.0,-11.0,,,-8.1,,,-1.29,,1.72,,,0.73,0.0,-1.26,,,-3.57,,,0.256,0.623,0.466,0.632,0.8959999999999999,0.8340000000000001,0.5720000000000001,18.1,-0.4,0.4,-0.4,0.0,28 - 28,0.079,0.44,0.363,0.19699999999999998,0.133,0.509,0.358,5.1,0.285,0.078,,0.307,0.319,0.031,,,,0.222,0.043,,85.8,,78.1,92.5,87.6,,,,92.0,84.7,,-9.1,,8.4,-5.5,1.2,,,,-9.6,3.6,,1.6,,-3.7,7.6,3.1,,,,2.8,0.0,,-8.7,,-12.0,-12.2,0.9,,,,5.4,1.9,,-3.79,,-1.33,-1.3,0.98,,,,0.82,1.49,,0.259,0.622,0.466,0.634,0.897,0.8340000000000001,0.57,18.1,-2.1,74,97,76,115,164,111,110,97,95,72,95,96,102,100,144,108,104,82,85,98,110,90.4,12.8,71,0.11900000000000001,112.6,280,0.47100000000000003,595,0.17800000000000002,0.254,5.57,3.92,59.0,46.0,61.0,60.0,51.0,61.0,48.0,42.0,53.0,59.0,53.0,57.0,44.0,44.0,52.0,,,,53.0,52.0,59.0,,,,55,42,59,-0.16,77.0,100.0,80.0,97.0,110.0,104.0,95.0,98.0,89.0,96.0,103.0,103.0,99.0,97.0,85.0,,,,95.0,107.0,96.0,,,,94,103,96,,,
