Name,team_name,yearID,WAR,salary,wOBA,BABIP,ISO,K%
Aaron Judge,NYY,2024,11.3,90.7,0.476,0.367,0.379,0.243
Aaron Judge,NYY,2022,11.1,88.7,0.458,0.34,0.375,0.251
Bobby Witt Jr.,KCR,2024,10.5,83.9,0.41,0.354,0.256,0.15
Mookie Betts,BOS,2018,10.2,81.5,0.449,0.368,0.294,0.14800000000000002
Aaron Judge,NYY,2025,10.1,81.0,0.463,0.376,0.357,0.23600000000000002
Mike Trout,LAA,2018,9.4,75.3,0.447,0.346,0.316,0.204
Ronald Acuna Jr.,ATL,2023,9.2,73.2,0.428,0.338,0.258,0.114
Cal Raleigh,SEA,2025,9.1,72.5,0.392,0.248,0.342,0.267
Shohei Ohtani,LAD,2024,8.9,71.6,0.431,0.336,0.336,0.222
Aaron Judge,NYY,2017,8.7,69.6,0.43,0.357,0.343,0.307
Alex Bregman,HOU,2019,8.3,66.6,0.418,0.281,0.296,0.12
Juan Soto,NYY,2024,8.3,66.3,0.421,0.298,0.281,0.16699999999999998
Bobby Witt Jr.,KCR,2025,8.0,64.1,0.36,0.334,0.205,0.182
Alex Bregman,HOU,2018,7.9,63.1,0.396,0.289,0.246,0.121
Gunnar Henderson,BAL,2024,7.9,63.2,0.381,0.32,0.248,0.221
Cody Bellinger,LAD,2019,7.8,62.2,0.415,0.302,0.324,0.16399999999999998
Francisco Lindor,CLE,2018,7.8,62.4,0.368,0.279,0.242,0.14400000000000002
Christian Yelich,MIL,2018,7.7,61.4,0.422,0.373,0.272,0.207
Freddie Freeman,LAD,2023,7.7,61.6,0.411,0.37,0.235,0.166
Jose Altuve,HOU,2017,7.7,61.6,0.405,0.37,0.202,0.127
Francisco Lindor,NYM,2024,7.7,61.9,0.363,0.295,0.227,0.184
Mike Trout,LAA,2019,7.6,61.2,0.436,0.298,0.353,0.2
Mookie Betts,LAD,2023,7.6,60.8,0.416,0.316,0.272,0.154
Jose Ramirez,CLE,2018,7.6,60.9,0.391,0.252,0.282,0.115
Shohei Ohtani,LAD,2025,7.5,59.8,0.418,0.315,0.34,0.257
Manny Machado,- - -,2018,7.2,58.0,0.377,0.304,0.241,0.147
Nolan Arenado,STL,2022,7.2,57.7,0.381,0.29,0.241,0.11599999999999999
Trea Turner,- - -,2021,7.1,57.0,0.386,0.362,0.208,0.17
Manny Machado,SDP,2022,7.1,57.0,0.382,0.337,0.234,0.207
Geraldo Perdomo,ARI,2025,7.1,56.6,0.37,0.303,0.173,0.115
Jose Ramirez,CLE,2017,7.0,55.9,0.396,0.319,0.265,0.107
Kris Bryant,CHC,2017,7.0,56.0,0.399,0.334,0.242,0.192
Jose Altuve,HOU,2022,6.9,54.9,0.397,0.315,0.233,0.14400000000000002
Mike Trout,LAA,2017,6.8,54.2,0.437,0.318,0.323,0.17800000000000002
Anthony Rendon,WSN,2019,6.8,54.1,0.413,0.323,0.279,0.133
Juan Soto,WSN,2021,6.8,54.3,0.42,0.332,0.221,0.142
Paul Goldschmidt,STL,2022,6.8,54.6,0.419,0.368,0.26,0.217
Fernando Tatis Jr.,SDP,2021,6.8,54.3,0.403,0.324,0.328,0.28
Freddie Freeman,LAD,2022,6.8,54.3,0.393,0.359,0.186,0.14400000000000002
Jarren Duran,BOS,2024,6.8,54.7,0.357,0.345,0.207,0.218
Bryce Harper,PHI,2021,6.7,53.2,0.431,0.359,0.305,0.22399999999999998
J.T. Realmuto,PHI,2022,6.7,53.2,0.354,0.318,0.202,0.212
Trea Turner,PHI,2025,6.7,53.4,0.352,0.35,0.153,0.16699999999999998
Christian Yelich,MIL,2019,6.6,53.1,0.442,0.355,0.342,0.203
Shohei Ohtani,LAA,2023,6.6,52.7,0.433,0.342,0.35,0.239
Matt Olson,ATL,2023,6.6,52.8,0.413,0.302,0.321,0.23199999999999998
Elly De La Cruz,CIN,2024,6.6,52.4,0.349,0.359,0.212,0.313
Dansby Swanson,ATL,2022,6.6,53.1,0.337,0.348,0.17,0.261
Rafael Devers,BOS,2019,6.5,51.7,0.377,0.339,0.244,0.17
Marcus Semien,OAK,2019,6.5,52.0,0.373,0.294,0.237,0.13699999999999998
Corbin Carroll,ARI,2025,6.5,52.3,0.371,0.299,0.282,0.23800000000000002
Jose Ramirez,CLE,2024,6.5,51.6,0.364,0.265,0.258,0.12
Marcus Semien,TEX,2023,6.5,51.7,0.354,0.291,0.201,0.146
Yordan Alvarez,HOU,2022,6.4,50.9,0.427,0.32,0.306,0.18899999999999997
Corey Seager,TEX,2023,6.4,51.0,0.419,0.34,0.296,0.16399999999999998
Giancarlo Stanton,MIA,2017,6.4,51.5,0.41,0.288,0.35,0.23600000000000002
Jose Ramirez,CLE,2021,6.4,51.5,0.372,0.256,0.272,0.13699999999999998
Matt Chapman,OAK,2018,6.4,51.0,0.369,0.338,0.23,0.237
Trea Turner,LAD,2022,6.4,51.1,0.35,0.342,0.169,0.185
Francisco Lindor,NYM,2022,6.4,50.8,0.342,0.301,0.179,0.188
Vladimir Guerrero Jr.,TOR,2021,6.3,50.5,0.419,0.313,0.29,0.158
Ketel Marte,ARI,2019,6.3,50.7,0.405,0.342,0.264,0.13699999999999998
Ketel Marte,ARI,2024,6.3,50.6,0.391,0.299,0.268,0.182
Bryan Reynolds,PIT,2021,6.3,50.7,0.385,0.345,0.22,0.184
Jose Ramirez,CLE,2025,6.3,50.4,0.36,0.279,0.219,0.11
Carlos Correa,HOU,2021,6.3,50.3,0.364,0.308,0.205,0.18100000000000002
Francisco Lindor,NYM,2025,6.3,50.2,0.35,0.288,0.199,0.179
Joey Votto,CIN,2017,6.2,49.6,0.428,0.321,0.258,0.11699999999999999
Juan Soto,SDP,2023,6.2,49.4,0.395,0.296,0.245,0.182
Brandon Crawford,SFG,2021,6.2,49.7,0.377,0.334,0.224,0.191
George Springer,HOU,2019,6.1,48.8,0.4,0.305,0.299,0.203
Nolan Arenado,COL,2019,6.1,49.1,0.392,0.312,0.269,0.14
Francisco Lindor,CLE,2019,6.1,48.5,0.349,0.291,0.234,0.15
Andres Gimenez,CLE,2022,6.1,48.9,0.364,0.353,0.169,0.201
Fernando Tatis Jr.,SDP,2025,6.1,48.7,0.353,0.303,0.178,0.187
Xander Bogaerts,BOS,2019,6.0,48.0,0.39,0.338,0.246,0.175
Nolan Arenado,COL,2018,6.0,47.6,0.391,0.314,0.264,0.18100000000000002
Trevor Story,COL,2019,6.0,48.3,0.38,0.361,0.26,0.265
Cedric Mullins,BAL,2021,6.0,48.1,0.372,0.322,0.228,0.185
Mookie Betts,LAD,2022,6.0,47.9,0.373,0.272,0.264,0.163
Marcus Semien,TOR,2021,6.0,47.6,0.368,0.276,0.273,0.20199999999999999
Jose Ramirez,CLE,2022,6.0,47.8,0.363,0.279,0.235,0.12
Brian Dozier,MIN,2017,6.0,48.4,0.362,0.3,0.227,0.2
Xander Bogaerts,BOS,2022,6.0,48.0,0.363,0.362,0.149,0.187
Lorenzo Cain,MIL,2018,6.0,47.6,0.359,0.357,0.109,0.152
J.D. Martinez,BOS,2018,5.9,46.9,0.427,0.375,0.299,0.225
Anthony Rendon,WSN,2017,5.9,47.2,0.394,0.314,0.232,0.136
Austin Riley,ATL,2022,5.9,46.8,0.377,0.315,0.255,0.242
J.T. Realmuto,PHI,2019,5.9,47.3,0.34,0.309,0.217,0.207
Bobby Witt Jr.,KCR,2023,5.9,47.3,0.343,0.295,0.218,0.174
Nolan Arenado,COL,2017,5.8,46.0,0.395,0.32,0.277,0.156
Tommy Pham,STL,2017,5.8,46.4,0.398,0.368,0.214,0.221
Juan Soto,NYM,2025,5.8,46.4,0.39,0.27,0.262,0.192
Mookie Betts,BOS,2019,5.8,46.4,0.38,0.309,0.229,0.14300000000000002
Javier Baez,CHC,2018,5.8,46.7,0.366,0.347,0.264,0.259
Francisco Lindor,CLE,2017,5.8,46.4,0.353,0.275,0.232,0.129
Jose Altuve,HOU,2018,5.8,46.4,0.363,0.352,0.135,0.132
William Contreras,MIL,2023,5.8,46.5,0.357,0.348,0.169,0.20600000000000002
Julio Rodriguez,SEA,2023,5.8,46.7,0.347,0.33,0.209,0.245
DJ LeMahieu,NYY,2019,5.7,46.0,0.375,0.349,0.191,0.13699999999999998
Julio Rodriguez,SEA,2022,5.7,45.9,0.366,0.345,0.225,0.259
Yasmani Grandal,MIL,2019,5.7,45.9,0.361,0.279,0.222,0.22
Jeremy Pena,HOU,2025,5.7,45.7,0.363,0.345,0.172,0.171
Julio Rodriguez,SEA,2025,5.7,45.8,0.341,0.302,0.207,0.214
Justin Turner,LAD,2017,5.6,45.1,0.4,0.326,0.208,0.10300000000000001
Marcell Ozuna,MIA,2017,5.6,44.4,0.388,0.355,0.237,0.212
Javier Baez,CHC,2019,5.6,44.7,0.347,0.345,0.25,0.278
Maikel Garcia,KCR,2025,5.6,45.1,0.347,0.308,0.163,0.126
Charlie Blackmon,COL,2017,5.5,43.7,0.414,0.371,0.27,0.18600000000000003
Aaron Judge,NYY,2021,5.5,43.9,0.387,0.332,0.256,0.25
Anthony Rendon,WSN,2018,5.5,43.8,0.383,0.323,0.227,0.13699999999999998
Jeff McNeil,NYM,2022,5.5,44.0,0.365,0.353,0.128,0.10400000000000001
William Contreras,MIL,2024,5.5,43.9,0.359,0.33,0.185,0.205
Adley Rutschman,BAL,2023,5.5,44.1,0.352,0.303,0.158,0.147
Francisco Lindor,NYM,2023,5.5,44.0,0.346,0.277,0.216,0.19899999999999998
Brandon Nimmo,NYM,2022,5.5,43.8,0.353,0.317,0.159,0.172
Nicky Lopez,KCR,2021,5.5,43.6,0.329,0.347,0.078,0.131
Juan Soto,WSN,2019,5.4,43.4,0.394,0.312,0.266,0.2
Matt Chapman,OAK,2019,5.4,43.5,0.354,0.27,0.257,0.21899999999999997
Alex Bregman,HOU,2022,5.4,43.2,0.358,0.26,0.195,0.11699999999999999
Matt Chapman,SFG,2024,5.4,43.6,0.34,0.293,0.216,0.244
Pete Crow-Armstrong,CHC,2025,5.4,43.0,0.323,0.276,0.234,0.24
Cal Raleigh,SEA,2024,5.4,43.3,0.323,0.251,0.216,0.28
Tommy Edman,STL,2022,5.4,42.8,0.318,0.308,0.135,0.17600000000000002
Paul Goldschmidt,ARI,2017,5.3,42.7,0.4,0.343,0.265,0.221
Vladimir Guerrero Jr.,TOR,2024,5.3,42.6,0.398,0.342,0.221,0.138
Tyler O'Neill,STL,2021,5.3,42.7,0.384,0.366,0.274,0.313
Corbin Carroll,ARI,2023,5.3,42.8,0.37,0.325,0.221,0.19399999999999998
Jackson Merrill,SDP,2024,5.3,42.8,0.352,0.318,0.208,0.17
Yasmani Grandal,LAD,2018,5.3,42.1,0.352,0.278,0.225,0.239
George Springer,TOR,2025,5.2,41.6,0.408,0.34,0.251,0.18899999999999997
Yordan Alvarez,HOU,2024,5.2,41.7,0.402,0.317,0.259,0.15
Yoan Moncada,CHW,2019,5.2,41.3,0.379,0.406,0.233,0.275
Josh Donaldson,ATL,2019,5.2,41.8,0.377,0.292,0.262,0.235
Austin Riley,ATL,2023,5.2,41.3,0.363,0.324,0.234,0.24100000000000002
Starling Marte,- - -,2021,5.2,41.5,0.364,0.372,0.148,0.188
Jose Altuve,HOU,2021,5.2,42.0,0.357,0.28,0.211,0.134
Sean Murphy,OAK,2022,5.2,41.9,0.331,0.29,0.177,0.203
Brent Rooker,OAK,2024,5.1,40.9,0.392,0.362,0.269,0.28800000000000003
Bryce Harper,PHI,2024,5.1,40.8,0.38,0.331,0.24,0.21899999999999997
Austin Riley,ATL,2021,5.1,40.7,0.379,0.368,0.227,0.254
Brandon Nimmo,NYM,2018,5.1,40.9,0.385,0.351,0.219,0.262
Jed Lowrie,OAK,2018,5.1,40.6,0.347,0.304,0.181,0.188
Trea Turner,WSN,2018,5.1,41.1,0.331,0.314,0.145,0.17800000000000002
Shohei Ohtani,LAA,2021,5.0,40.1,0.393,0.303,0.335,0.29600000000000004
Yandy Diaz,TBR,2023,5.0,39.8,0.402,0.367,0.192,0.157
Matt Olson,OAK,2021,5.0,39.7,0.379,0.269,0.269,0.168
Jose Altuve,HOU,2019,5.0,39.8,0.374,0.303,0.252,0.15
Ronald Acuna Jr.,ATL,2019,5.0,40.1,0.369,0.337,0.238,0.263
Rafael Devers,BOS,2022,5.0,40.2,0.373,0.329,0.225,0.18600000000000003
Byron Buxton,MIN,2025,5.0,40.1,0.367,0.302,0.287,0.273
Mitch Haniger,SEA,2018,5.0,39.9,0.367,0.336,0.208,0.217
Corey Seager,LAD,2017,5.0,40.2,0.364,0.352,0.184,0.214
Whit Merrifield,KCR,2018,5.0,40.0,0.349,0.352,0.134,0.161
Kyle Schwarber,PHI,2025,4.9,39.4,0.391,0.253,0.323,0.272
Kyle Tucker,HOU,2021,4.9,39.4,0.383,0.304,0.263,0.159
Kyle Tucker,HOU,2023,4.9,39.3,0.372,0.289,0.233,0.136
Travis Shaw,MIL,2017,4.9,39.1,0.361,0.312,0.24,0.228
Buster Posey,SFG,2017,4.9,39.5,0.366,0.347,0.142,0.11599999999999999
Luis Robert Jr.,CHW,2023,4.9,39.4,0.358,0.314,0.278,0.289
Bo Bichette,TOR,2021,4.9,38.9,0.354,0.339,0.186,0.19899999999999998
J.P. Crawford,SEA,2023,4.9,39.2,0.359,0.314,0.172,0.196
Cody Bellinger,NYY,2025,4.9,39.2,0.347,0.274,0.207,0.13699999999999998
Kyle Tucker,HOU,2022,4.9,38.9,0.348,0.261,0.221,0.156
Jeff McNeil,NYM,2019,4.8,38.3,0.384,0.337,0.214,0.132
Carlos Santana,CLE,2019,4.8,38.1,0.38,0.293,0.234,0.157
Paul Goldschmidt,STL,2021,4.8,38.6,0.373,0.331,0.221,0.2
Lorenzo Cain,KCR,2017,4.8,38.3,0.347,0.34,0.14,0.155
Bo Bichette,TOR,2022,4.8,38.6,0.347,0.347,0.179,0.222
Willy Adames,MIL,2024,4.8,38.7,0.342,0.297,0.211,0.251
Gunnar Henderson,BAL,2025,4.8,38.1,0.339,0.329,0.165,0.21
Andrelton Simmons,LAA,2017,4.8,38.1,0.323,0.291,0.143,0.10400000000000001
Dansby Swanson,CHC,2023,4.8,38.6,0.325,0.297,0.172,0.24100000000000002
Nico Hoerner,CHC,2025,4.8,38.4,0.324,0.313,0.097,0.076
Pete Alonso,NYM,2019,4.7,37.6,0.384,0.28,0.323,0.264
Marcell Ozuna,ATL,2024,4.7,37.8,0.395,0.359,0.244,0.247
Trevor Story,COL,2018,4.7,37.7,0.384,0.345,0.276,0.256
Freddie Freeman,ATL,2021,4.7,37.4,0.379,0.321,0.203,0.154
Matt Olson,ATL,2025,4.7,37.7,0.366,0.333,0.212,0.243
Adolis Garcia,TEX,2023,4.7,37.3,0.354,0.28,0.263,0.27699999999999997
Alex Bregman,HOU,2017,4.7,37.5,0.351,0.311,0.191,0.155
J.T. Realmuto,MIA,2018,4.7,37.2,0.353,0.312,0.208,0.196
Gunnar Henderson,BAL,2023,4.7,37.3,0.346,0.306,0.234,0.256
Steven Kwan,CLE,2022,4.7,37.4,0.341,0.323,0.101,0.094
Alejandro Kirk,TOR,2025,4.7,37.4,0.334,0.292,0.14,0.11699999999999999
Paul Goldschmidt,ARI,2018,4.6,36.9,0.39,0.359,0.243,0.251
Ketel Marte,ARI,2025,4.6,36.8,0.381,0.29,0.233,0.149
Freddie Freeman,ATL,2018,4.6,36.8,0.378,0.358,0.196,0.187
Xander Bogaerts,BOS,2018,4.6,37.1,0.373,0.317,0.234,0.17600000000000002
Corey Seager,TEX,2024,4.6,37.1,0.365,0.291,0.234,0.18
Junior Caminero,TBR,2025,4.6,36.5,0.357,0.26,0.271,0.191
Carlos Correa,MIN,2022,4.6,36.6,0.362,0.339,0.176,0.205
Jose Ramirez,CLE,2023,4.6,36.9,0.346,0.285,0.193,0.106
Mookie Betts,BOS,2017,4.6,37.2,0.339,0.268,0.194,0.111
Xander Bogaerts,SDP,2023,4.6,36.8,0.343,0.319,0.154,0.165
J.T. Realmuto,PHI,2021,4.6,37.1,0.336,0.325,0.176,0.24
Nelson Cruz,MIN,2019,4.5,36.3,0.417,0.351,0.328,0.251
Freddie Freeman,ATL,2017,4.5,35.9,0.407,0.335,0.28,0.185
Max Muncy,LAD,2021,4.5,36.1,0.379,0.257,0.278,0.203
Tim Anderson,CHW,2019,4.5,36.0,0.363,0.399,0.173,0.21
Brandon Lowe,TBR,2021,4.5,35.7,0.363,0.28,0.277,0.272
Chris Taylor,LAD,2017,4.5,36.2,0.361,0.361,0.208,0.25
Kyle Tucker,CHC,2025,4.5,36.0,0.363,0.282,0.198,0.147
Jonathan Schoop,BAL,2017,4.5,36.1,0.355,0.33,0.211,0.21
Manny Machado,SDP,2021,4.5,35.8,0.35,0.29,0.211,0.159
J.T. Realmuto,MIA,2017,4.5,35.7,0.332,0.318,0.173,0.183
Nico Hoerner,CHC,2023,4.5,36.2,0.322,0.312,0.1,0.121
Freddie Freeman,ATL,2019,4.4,35.0,0.387,0.318,0.255,0.184
Marwin Gonzalez,HOU,2017,4.4,35.1,0.382,0.343,0.226,0.192
Jose Abreu,CHW,2017,4.4,35.4,0.377,0.33,0.248,0.17600000000000002
Kris Bryant,CHC,2019,4.4,34.9,0.379,0.331,0.239,0.22899999999999998
Justin Upton,- - -,2017,4.4,35.2,0.378,0.341,0.268,0.28300000000000003
Anthony Rizzo,CHC,2017,4.4,35.3,0.38,0.273,0.234,0.13
Eugenio Suarez,CIN,2018,4.4,35.4,0.376,0.322,0.243,0.23399999999999999
George Springer,HOU,2017,4.4,35.2,0.376,0.297,0.239,0.17600000000000002
Max Muncy,LAD,2019,4.4,35.0,0.372,0.283,0.265,0.253
Cody Bellinger,CHC,2023,4.4,35.0,0.37,0.319,0.218,0.156
Trea Turner,WSN,2019,4.4,35.1,0.356,0.348,0.2,0.19899999999999998
Andrew Benintendi,BOS,2018,4.4,34.8,0.357,0.328,0.174,0.16
Jazz Chisholm Jr.,NYY,2025,4.4,35.1,0.349,0.282,0.238,0.27899999999999997
Joey Gallo,- - -,2021,4.4,35.4,0.348,0.246,0.259,0.34600000000000003
Alex Bregman,HOU,2023,4.4,35.1,0.351,0.27,0.178,0.12
Brice Turang,MIL,2025,4.4,35.3,0.346,0.356,0.147,0.228
Willy Adames,MIL,2022,4.4,35.5,0.325,0.278,0.22,0.26899999999999996
Marcus Semien,TEX,2022,4.4,34.9,0.317,0.263,0.181,0.166
Byron Buxton,MIN,2017,4.4,35.4,0.312,0.339,0.16,0.294
Eugenio Suarez,CIN,2019,4.3,34.7,0.381,0.312,0.301,0.285
Austin Meadows,TBR,2019,4.3,34.1,0.38,0.331,0.268,0.222
Avisail Garcia,CHW,2017,4.3,34.5,0.375,0.392,0.176,0.198
Mookie Betts,LAD,2024,4.3,34.4,0.371,0.294,0.202,0.11
Ketel Marte,ARI,2023,4.3,34.7,0.361,0.3,0.209,0.168
Jurickson Profar,SDP,2024,4.3,34.7,0.365,0.302,0.179,0.151
Will Smith,LAD,2022,4.3,34.6,0.349,0.276,0.205,0.166
Nolan Arenado,STL,2021,4.3,34.1,0.336,0.249,0.239,0.147
Tim Anderson,CHW,2021,4.3,34.3,0.345,0.372,0.159,0.21600000000000003
Eugenio Suarez,SEA,2022,4.3,34.6,0.344,0.302,0.223,0.312
Alejandro Kirk,TOR,2022,4.3,34.2,0.347,0.299,0.13,0.107
Elly De La Cruz,CIN,2025,4.3,34.7,0.333,0.337,0.176,0.259
Corey Seager,TEX,2022,4.3,34.7,0.331,0.242,0.211,0.155
Cal Raleigh,SEA,2023,4.3,34.7,0.326,0.273,0.224,0.278
Andrelton Simmons,LAA,2018,4.3,34.7,0.326,0.3,0.125,0.073
Corbin Carroll,ARI,2024,4.3,34.7,0.325,0.256,0.197,0.19
Daulton Varsho,ARI,2022,4.3,34.4,0.323,0.269,0.207,0.245
Nico Hoerner,CHC,2022,4.3,34.3,0.32,0.3,0.129,0.11
Marcus Semien,TEX,2024,4.3,34.3,0.306,0.25,0.154,0.146
Zack Cozart,CIN,2017,4.2,33.4,0.392,0.312,0.251,0.154
Rafael Devers,BOS,2021,4.2,33.9,0.373,0.307,0.259,0.215
Rafael Devers,BOS,2024,4.2,33.9,0.364,0.323,0.244,0.245
Ozzie Albies,ATL,2019,4.2,33.7,0.354,0.325,0.205,0.16
Isaac Paredes,TBR,2023,4.2,33.6,0.362,0.257,0.238,0.182
Brandon Nimmo,NYM,2023,4.2,33.3,0.359,0.324,0.193,0.214
Steven Kwan,CLE,2024,4.2,33.5,0.349,0.304,0.133,0.094
Alex Bregman,HOU,2024,4.2,33.2,0.331,0.264,0.193,0.136
Ha-seong Kim,SDP,2023,4.2,33.7,0.33,0.306,0.138,0.198
Dansby Swanson,CHC,2024,4.2,33.7,0.307,0.3,0.148,0.243
Matt Carpenter,STL,2018,4.1,33.0,0.375,0.291,0.266,0.233
Gary Sanchez,NYY,2017,4.1,32.9,0.368,0.304,0.253,0.22899999999999998
Xander Bogaerts,BOS,2021,4.1,33.1,0.368,0.333,0.198,0.187
Michael Conforto,NYM,2019,4.1,33.1,0.358,0.29,0.237,0.23
Ozzie Albies,ATL,2023,4.1,32.9,0.358,0.289,0.233,0.162
TJ Friedl,CIN,2023,4.1,33.2,0.353,0.308,0.189,0.162
Javier Baez,- - -,2021,4.1,33.0,0.344,0.352,0.229,0.336
Elvis Andrus,TEX,2017,4.1,33.2,0.344,0.325,0.174,0.147
Starling Marte,PIT,2018,4.1,32.5,0.337,0.312,0.182,0.18
Trea Turner,PHI,2023,4.1,33.0,0.333,0.31,0.192,0.217
Wyatt Langford,TEX,2025,4.1,32.5,0.337,0.299,0.19,0.264
Andy Pages,LAD,2025,4.1,32.5,0.332,0.308,0.189,0.21600000000000003
Bryson Stott,PHI,2023,4.1,32.7,0.323,0.312,0.138,0.156
J.D. Martinez,BOS,2019,4.0,31.7,0.386,0.342,0.252,0.21
Cody Bellinger,LAD,2017,4.0,31.9,0.38,0.299,0.315,0.266
Yuli Gurriel,HOU,2019,4.0,32.1,0.364,0.289,0.243,0.106
Michael Brantley,HOU,2019,4.0,31.9,0.367,0.32,0.191,0.10400000000000001
Teoscar Hernandez,TOR,2021,4.0,32.3,0.369,0.352,0.227,0.249
Freddie Freeman,LAD,2024,4.0,31.6,0.365,0.306,0.194,0.157
Aaron Hicks,NYY,2018,4.0,32.1,0.36,0.264,0.219,0.191
Justin Turner,LAD,2021,4.0,32.4,0.358,0.292,0.193,0.16
Jorge Polanco,MIN,2021,4.0,31.9,0.349,0.282,0.235,0.183
George Springer,TOR,2022,4.0,32.2,0.352,0.285,0.205,0.172
Christian Yelich,MIA,2017,4.0,31.9,0.348,0.336,0.156,0.19699999999999998
Fernando Tatis Jr.,SDP,2023,4.0,32.3,0.332,0.299,0.191,0.222
Jazz Chisholm Jr.,- - -,2024,4.0,32.0,0.327,0.309,0.18,0.245
Ender Inciarte,ATL,2017,4.0,32.4,0.328,0.339,0.106,0.131
Ozzie Albies,ATL,2018,4.0,31.7,0.324,0.285,0.191,0.17
Willy Adames,SFG,2025,4.0,32.4,0.321,0.263,0.196,0.261
Julio Rodriguez,SEA,2024,4.0,31.6,0.321,0.344,0.136,0.254
Nick Ahmed,ARI,2018,4.0,32.3,0.3,0.265,0.176,0.193
Justin Turner,LAD,2019,3.9,31.2,0.37,0.304,0.219,0.16
Freddie Freeman,LAD,2025,3.9,31.1,0.37,0.342,0.207,0.204
Shea Langeliers,ATH,2025,3.9,31.6,0.364,0.29,0.26,0.19699999999999998
Miguel Andujar,NYY,2018,3.9,31.0,0.361,0.316,0.23,0.16
Max Kepler,MIN,2019,3.9,30.9,0.355,0.244,0.267,0.166
Mookie Betts,LAD,2021,3.9,31.4,0.365,0.276,0.223,0.156
Vladimir Guerrero Jr.,TOR,2025,3.9,31.1,0.366,0.313,0.175,0.138
Christian Walker,ARI,2023,3.9,31.1,0.351,0.272,0.239,0.192
Eugenio Suarez,CIN,2017,3.9,31.6,0.356,0.309,0.2,0.233
Riley Greene,DET,2024,3.9,31.5,0.355,0.329,0.217,0.267
Yandy Diaz,TBR,2022,3.9,31.1,0.366,0.323,0.127,0.10800000000000001
Randy Arozarena,TBR,2021,3.9,31.0,0.35,0.363,0.185,0.281
Bo Bichette,TOR,2023,3.9,31.0,0.349,0.355,0.168,0.191
Jed Lowrie,OAK,2017,3.9,31.5,0.347,0.314,0.171,0.155
Michael Harris II,ATL,2023,3.9,31.3,0.345,0.334,0.184,0.187
Trea Turner,PHI,2024,3.9,30.9,0.349,0.331,0.174,0.182
Christian Walker,ARI,2022,3.9,31.6,0.346,0.248,0.235,0.196
Jeimer Candelario,DET,2021,3.9,30.9,0.344,0.333,0.172,0.21600000000000003
Jackson Chourio,MIL,2024,3.9,31.4,0.339,0.32,0.189,0.21100000000000002
James Outman,LAD,2023,3.9,31.2,0.344,0.343,0.188,0.319
Jose Altuve,HOU,2024,3.9,30.9,0.344,0.337,0.145,0.174
Joey Wendle,TBR,2018,3.9,31.6,0.338,0.353,0.136,0.17600000000000002
Jarren Duran,BOS,2025,3.9,31.3,0.335,0.326,0.185,0.243
Matt Chapman,TOR,2022,3.9,30.9,0.331,0.277,0.204,0.27399999999999997
Francisco Lindor,NYM,2021,3.9,31.6,0.317,0.248,0.181,0.183
Nico Hoerner,CHC,2024,3.9,31.1,0.313,0.297,0.1,0.10300000000000001
Matt Olson,OAK,2019,3.8,30.5,0.368,0.3,0.277,0.252
Bryce Harper,PHI,2019,3.8,30.6,0.365,0.313,0.25,0.261
Pete Alonso,NYM,2022,3.8,30.4,0.366,0.279,0.246,0.187
David Peralta,ARI,2018,3.8,30.2,0.368,0.328,0.223,0.20199999999999999
Giancarlo Stanton,NYY,2018,3.8,30.2,0.36,0.333,0.243,0.299
Josh Reddick,HOU,2017,3.8,30.4,0.357,0.339,0.17,0.133
Bo Bichette,TOR,2025,3.8,30.6,0.361,0.342,0.172,0.145
Jose Abreu,CHW,2022,3.8,30.4,0.361,0.35,0.141,0.162
Eugenio Suarez,- - -,2025,3.8,30.4,0.347,0.243,0.298,0.298
Christian Yelich,MIL,2023,3.8,30.2,0.353,0.342,0.169,0.222
Will Smith,LAD,2023,3.8,30.4,0.345,0.277,0.177,0.161
Manny Machado,SDP,2025,3.8,30.1,0.341,0.307,0.185,0.193
Eugenio Suarez,ARI,2024,3.8,30.8,0.337,0.309,0.214,0.275
Brett Gardner,NYY,2017,3.8,30.7,0.336,0.3,0.163,0.179
Colton Cowser,BAL,2024,3.8,30.7,0.331,0.317,0.204,0.307
Jean Segura,SEA,2018,3.8,30.3,0.327,0.327,0.111,0.109
Andres Gimenez,CLE,2023,3.8,30.4,0.309,0.289,0.147,0.182
Ceddanne Rafaela,BOS,2025,3.8,30.4,0.307,0.289,0.165,0.19899999999999998
Nick Castellanos,CIN,2021,3.7,29.6,0.391,0.34,0.267,0.207
Eric Hosmer,KCR,2017,3.7,29.5,0.376,0.351,0.179,0.155
Bryan Reynolds,PIT,2019,3.7,29.6,0.371,0.387,0.189,0.222
Juan Soto,- - -,2022,3.7,29.3,0.376,0.249,0.21,0.145
Starling Marte,PIT,2019,3.7,29.4,0.353,0.319,0.208,0.16
Taylor Ward,LAA,2022,3.7,29.7,0.362,0.325,0.192,0.213
Tommy Pham,- - -,2018,3.7,29.2,0.359,0.342,0.188,0.24600000000000002
Travis Shaw,MIL,2018,3.7,29.6,0.351,0.242,0.239,0.184
Steven Souza Jr.,TBR,2017,3.7,29.2,0.348,0.302,0.22,0.29
Gleyber Torres,NYY,2023,3.7,29.2,0.346,0.288,0.18,0.146
Jake Cronenworth,SDP,2021,3.7,29.8,0.341,0.283,0.194,0.14
Ozzie Albies,ATL,2021,3.7,29.3,0.336,0.278,0.229,0.187
Yoan Moncada,CHW,2021,3.7,29.9,0.347,0.35,0.148,0.255
Enrique Hernandez,BOS,2021,3.7,29.2,0.338,0.278,0.199,0.188
Ian Happ,CHC,2022,3.7,29.8,0.339,0.336,0.169,0.23199999999999998
Matt Chapman,SFG,2025,3.7,29.6,0.336,0.27,0.198,0.23600000000000002
Ezequiel Tovar,COL,2024,3.7,29.3,0.324,0.344,0.2,0.28800000000000003
Cedric Mullins,BAL,2022,3.7,29.7,0.315,0.299,0.145,0.188
Matt Chapman,OAK,2021,3.7,29.6,0.311,0.272,0.193,0.325
Daniel Murphy,WSN,2017,3.6,29.2,0.385,0.341,0.221,0.13
Anthony Rizzo,CHC,2019,3.6,28.9,0.39,0.306,0.227,0.14
Shohei Ohtani,LAA,2022,3.6,28.9,0.37,0.32,0.246,0.242
Pete Alonso,NYM,2025,3.6,28.7,0.368,0.305,0.252,0.228
Andrew McCutchen,PIT,2017,3.6,29.1,0.36,0.305,0.207,0.17800000000000002
Eduardo Escobar,- - -,2018,3.6,29.0,0.346,0.308,0.217,0.2
Corey Seager,LAD,2019,3.6,28.5,0.34,0.303,0.211,0.18100000000000002
Ian Happ,CHC,2024,3.6,28.5,0.341,0.299,0.199,0.256
Oneil Cruz,PIT,2024,3.6,28.8,0.331,0.347,0.19,0.302
Kyle Seager,SEA,2017,3.6,28.4,0.326,0.262,0.201,0.16899999999999998
Brenton Doyle,COL,2024,3.6,28.5,0.328,0.316,0.186,0.254
Sal Frelick,MIL,2025,3.6,28.6,0.332,0.317,0.117,0.135
William Contreras,MIL,2025,3.6,29.2,0.332,0.299,0.14,0.182
Victor Robles,WSN,2019,3.6,28.9,0.317,0.31,0.165,0.22699999999999998
Masyn Winn,STL,2024,3.6,28.9,0.315,0.303,0.148,0.171
Jake Cronenworth,SDP,2022,3.6,29.1,0.318,0.275,0.152,0.192
Ha-seong Kim,SDP,2022,3.6,29.1,0.313,0.29,0.132,0.172
Joey Votto,CIN,2021,3.5,28.2,0.391,0.287,0.297,0.23800000000000002
Ryan Zimmerman,WSN,2017,3.5,28.0,0.387,0.335,0.269,0.21899999999999997
Nelson Cruz,SEA,2017,3.5,28.3,0.385,0.315,0.261,0.217
Jorge Soler,KCR,2019,3.5,28.1,0.378,0.294,0.304,0.262
Bryce Harper,PHI,2023,3.5,27.6,0.384,0.352,0.206,0.218
Trey Mancini,BAL,2019,3.5,27.8,0.373,0.326,0.244,0.21100000000000002
Justin Smoak,TOR,2017,3.5,27.9,0.371,0.285,0.259,0.201
Yordan Alvarez,HOU,2021,3.5,27.8,0.369,0.32,0.253,0.242
Michael Busch,CHC,2025,3.5,28.0,0.369,0.292,0.261,0.235
Pete Alonso,NYM,2021,3.5,28.2,0.363,0.274,0.257,0.19899999999999998
Rafael Devers,BOS,2023,3.5,28.1,0.359,0.292,0.229,0.192
Seiya Suzuki,CHC,2024,3.5,27.6,0.365,0.37,0.199,0.27399999999999997
Scooter Gennett,CIN,2018,3.5,28.3,0.362,0.358,0.18,0.196
Bryce Harper,PHI,2025,3.5,27.8,0.361,0.292,0.226,0.209
Michael Brantley,CLE,2018,3.5,28.1,0.359,0.319,0.16,0.095
Starling Marte,NYM,2022,3.5,28.1,0.355,0.34,0.176,0.192
Cody Bellinger,LAD,2018,3.5,28.2,0.345,0.313,0.21,0.239
Jose Ramirez,CLE,2019,3.5,27.8,0.334,0.256,0.224,0.13699999999999998
Jacob Wilson,ATH,2025,3.5,27.7,0.348,0.317,0.134,0.075
Manny Machado,SDP,2024,3.5,28.2,0.34,0.302,0.197,0.193
Jean Segura,PHI,2021,3.5,27.9,0.338,0.317,0.146,0.138
Jean Segura,SEA,2017,3.5,28.3,0.334,0.339,0.128,0.147
Chris Taylor,LAD,2018,3.5,28.2,0.335,0.345,0.19,0.295
Zach Neto,LAA,2024,3.5,28.3,0.33,0.295,0.194,0.233
Thairo Estrada,SFG,2023,3.5,27.9,0.316,0.331,0.145,0.226
Eugenio Suarez,SEA,2023,3.5,27.8,0.313,0.314,0.159,0.308
Masyn Winn,STL,2025,3.5,27.9,0.297,0.301,0.11,0.19
Anthony Volpe,NYY,2024,3.5,27.9,0.287,0.303,0.121,0.226
Gleyber Torres,NYY,2019,3.4,27.1,0.358,0.296,0.256,0.214
Luis Arraez,MIA,2023,3.4,27.0,0.369,0.362,0.115,0.055
Hunter Goodman,COL,2025,3.4,27.2,0.359,0.331,0.243,0.263
Teoscar Hernandez,LAD,2024,3.4,27.3,0.36,0.344,0.229,0.28800000000000003
Jonathan India,CIN,2021,3.4,27.3,0.363,0.326,0.19,0.223
Brett Gardner,NYY,2019,3.4,27.0,0.344,0.265,0.253,0.196
Josh Donaldson,MIN,2021,3.4,27.5,0.353,0.268,0.228,0.21
Tyler Soderstrom,ATH,2025,3.4,27.1,0.354,0.327,0.198,0.226
Tommy Pham,TBR,2019,3.4,27.4,0.349,0.316,0.176,0.188
Paul Goldschmidt,STL,2023,3.4,27.3,0.35,0.327,0.179,0.23399999999999999
Christian Vazquez,BOS,2019,3.4,27.6,0.331,0.305,0.201,0.19399999999999998
Michael Conforto,NYM,2018,3.4,27.6,0.342,0.289,0.204,0.249
Jonathan Villar,BAL,2019,3.4,27.6,0.335,0.341,0.179,0.24600000000000002
DJ LeMahieu,COL,2017,3.4,27.0,0.342,0.351,0.099,0.132
Manny Machado,SDP,2023,3.4,27.1,0.334,0.268,0.204,0.18100000000000002
Alec Bohm,PHI,2024,3.4,27.5,0.335,0.305,0.168,0.142
Paul DeJong,STL,2019,3.4,27.1,0.322,0.259,0.211,0.22399999999999998
Nick Ahmed,ARI,2019,3.4,27.2,0.315,0.28,0.183,0.18100000000000002
Isaac Paredes,- - -,2024,3.4,26.9,0.327,0.259,0.155,0.16399999999999998
Mookie Betts,LAD,2025,3.4,27.3,0.318,0.258,0.148,0.10300000000000001
Willy Adames,MIL,2023,3.4,27.1,0.311,0.259,0.19,0.259
Elvis Andrus,- - -,2022,3.4,27.4,0.31,0.272,0.155,0.159
Fernando Tatis Jr.,SDP,2020,3.3,26.5,0.392,0.306,0.295,0.237
Kyle Schwarber,PHI,2024,3.3,26.7,0.366,0.301,0.237,0.285
Rafael Devers,- - -,2025,3.3,26.6,0.365,0.307,0.227,0.263
Yuli Gurriel,HOU,2021,3.3,26.2,0.363,0.336,0.143,0.11199999999999999
Anthony Rizzo,CHC,2018,3.3,26.2,0.359,0.287,0.187,0.12
Jorge Polanco,MIN,2019,3.3,26.5,0.352,0.328,0.19,0.165
Didi Gregorius,NYY,2018,3.3,26.1,0.35,0.259,0.226,0.121
James Wood,WSN,2025,3.3,26.0,0.353,0.35,0.219,0.321
Vladimir Guerrero Jr.,TOR,2022,3.3,26.7,0.351,0.289,0.205,0.16399999999999998
Whit Merrifield,KCR,2019,3.3,26.2,0.34,0.35,0.16,0.171
Eddie Rosario,MIN,2018,3.3,26.1,0.34,0.316,0.191,0.17600000000000002
Ian Happ,CHC,2023,3.3,26.0,0.345,0.299,0.183,0.221
Salvador Perez,KCR,2024,3.3,26.3,0.335,0.302,0.185,0.198
Kolten Wong,STL,2019,3.3,26.1,0.334,0.321,0.138,0.151
Whit Merrifield,KCR,2017,3.3,26.5,0.332,0.308,0.172,0.14
Adam Frazier,- - -,2021,3.3,26.0,0.341,0.339,0.106,0.10800000000000001
Dansby Swanson,ATL,2021,3.3,26.4,0.322,0.297,0.201,0.256
Xander Bogaerts,BOS,2017,3.3,26.1,0.321,0.327,0.13,0.183
Willy Adames,TBR,2019,3.3,26.3,0.313,0.32,0.164,0.262
Dansby Swanson,CHC,2025,3.3,26.7,0.31,0.298,0.173,0.26
Jeremy Pena,HOU,2022,3.3,26.5,0.309,0.298,0.173,0.242
Marcell Ozuna,ATL,2023,3.2,25.5,0.381,0.293,0.285,0.226
Bryce Harper,WSN,2018,3.2,25.6,0.376,0.289,0.247,0.243
Domingo Santana,MIL,2017,3.2,25.8,0.372,0.363,0.227,0.293
Hunter Dozier,KCR,2019,3.2,25.3,0.36,0.339,0.243,0.253
Stephen Piscotty,OAK,2018,3.2,25.9,0.351,0.29,0.223,0.188
Anthony Santander,BAL,2024,3.2,25.7,0.345,0.225,0.271,0.19399999999999998
Ty France,SEA,2021,3.2,25.7,0.353,0.327,0.154,0.163
Trent Grisham,NYY,2025,3.2,25.3,0.353,0.253,0.229,0.23600000000000002
Jeimer Candelario,- - -,2023,3.2,25.5,0.346,0.292,0.22,0.22
Johan Camargo,ATL,2018,3.2,25.3,0.346,0.315,0.185,0.20600000000000002
George Springer,HOU,2018,3.2,25.4,0.34,0.303,0.169,0.19699999999999998
Asdrubal Cabrera,- - -,2018,3.2,25.3,0.332,0.296,0.196,0.201
Mallex Smith,TBR,2018,3.2,25.8,0.339,0.366,0.11,0.18
Zach McKinstry,DET,2025,3.2,25.3,0.333,0.314,0.179,0.217
JJ Bleday,OAK,2024,3.2,25.6,0.33,0.279,0.194,0.195
Ke'Bryan Hayes,PIT,2023,3.2,25.6,0.324,0.315,0.182,0.198
Brendan Donovan,STL,2024,3.2,25.4,0.332,0.3,0.14,0.124
Adolis Garcia,TEX,2022,3.2,25.6,0.324,0.309,0.207,0.27899999999999997
Joey Ortiz,MIL,2024,3.2,25.5,0.319,0.283,0.159,0.20199999999999999
Xander Bogaerts,SDP,2025,3.2,25.8,0.313,0.299,0.128,0.17
Nolan Arenado,STL,2024,3.2,25.5,0.314,0.296,0.123,0.145
Ernie Clement,TOR,2025,3.2,25.7,0.308,0.296,0.121,0.10400000000000001
Steven Kwan,CLE,2025,3.2,25.4,0.31,0.283,0.102,0.087
Ender Inciarte,ATL,2018,3.2,25.8,0.308,0.293,0.116,0.13
Jose Ramirez,CLE,2020,3.1,24.9,0.415,0.294,0.315,0.16899999999999998
Josh Bell,PIT,2019,3.1,24.4,0.378,0.288,0.292,0.192
Nathaniel Lowe,TEX,2022,3.1,24.7,0.368,0.363,0.191,0.228
Seiya Suzuki,CHC,2023,3.1,24.4,0.358,0.341,0.2,0.223
Joey Votto,CIN,2018,3.1,24.5,0.37,0.333,0.135,0.162
Kris Bryant,- - -,2021,3.1,24.7,0.356,0.313,0.216,0.23
Willy Adames,- - -,2021,3.1,24.8,0.349,0.331,0.219,0.281
Josh Naylor,- - -,2025,3.1,25.2,0.351,0.315,0.168,0.13699999999999998
Brandon Drury,- - -,2022,3.1,24.9,0.35,0.293,0.23,0.222
Christian Walker,ARI,2024,3.1,24.4,0.343,0.287,0.217,0.24100000000000002
Matt Olson,ATL,2022,3.1,25.0,0.344,0.274,0.237,0.243
Javier Baez,CHC,2017,3.1,25.0,0.326,0.345,0.207,0.28300000000000003
Zach Neto,LAA,2025,3.1,25.1,0.337,0.312,0.217,0.26899999999999996
Randy Arozarena,TBR,2023,3.1,24.7,0.347,0.31,0.171,0.239
Lars Nootbaar,STL,2023,3.1,25.2,0.344,0.307,0.157,0.19699999999999998
Tyler Stephenson,CIN,2024,3.1,24.5,0.339,0.307,0.186,0.22699999999999998
CJ Abrams,WSN,2025,3.1,25.1,0.324,0.296,0.176,0.19699999999999998
Jose Peraza,CIN,2018,3.1,24.7,0.319,0.307,0.128,0.11
Ryan McMahon,COL,2022,3.1,24.5,0.326,0.311,0.168,0.265
Wyatt Langford,TEX,2024,3.1,24.6,0.321,0.296,0.162,0.20600000000000002
DJ LeMahieu,NYY,2022,3.1,24.5,0.329,0.285,0.116,0.131
Bryson Stott,PHI,2025,3.1,24.8,0.315,0.288,0.134,0.163
J.P. Crawford,SEA,2021,3.1,24.5,0.314,0.32,0.103,0.166
Amed Rosario,CLE,2022,3.1,24.4,0.311,0.326,0.121,0.166
Daulton Varsho,TOR,2024,3.1,25.2,0.304,0.262,0.194,0.267
Myles Straw,- - -,2021,3.1,24.6,0.311,0.336,0.076,0.19
Ke'Bryan Hayes,PIT,2022,3.1,24.9,0.294,0.307,0.101,0.218
Freddie Freeman,ATL,2020,3.0,23.8,0.456,0.366,0.299,0.141
Jesus Aguilar,MIL,2018,3.0,24.1,0.374,0.309,0.264,0.253
Giancarlo Stanton,NYY,2021,3.0,24.4,0.37,0.324,0.243,0.271
Logan Morrison,TBR,2017,3.0,23.7,0.363,0.268,0.27,0.248
Khris Davis,OAK,2017,3.0,23.9,0.361,0.29,0.281,0.299
Ben Rice,NYY,2025,3.0,24.4,0.358,0.271,0.244,0.18899999999999997
Christian Walker,ARI,2019,3.0,24.4,0.346,0.312,0.217,0.257
Paul Goldschmidt,STL,2019,3.0,24.1,0.346,0.303,0.216,0.243
Teoscar Hernandez,TOR,2022,3.0,24.3,0.348,0.335,0.224,0.284
Ryan O'Hearn,- - -,2025,3.0,24.2,0.349,0.33,0.156,0.2
Todd Frazier,- - -,2017,3.0,24.3,0.335,0.226,0.215,0.217
Ketel Marte,ARI,2018,3.0,23.9,0.33,0.282,0.177,0.136
Yainer Diaz,HOU,2024,3.0,23.7,0.329,0.338,0.142,0.17300000000000001
Luis Garcia Jr.,WSN,2024,3.0,24.2,0.328,0.31,0.162,0.163
Brandon Nimmo,NYM,2025,3.0,24.0,0.329,0.301,0.174,0.21600000000000003
Brian Anderson,MIA,2018,3.0,24.0,0.333,0.332,0.127,0.193
Trevor Story,BOS,2025,3.0,24.1,0.32,0.33,0.17,0.26899999999999996
Steven Kwan,CLE,2023,3.0,24.2,0.313,0.294,0.102,0.10400000000000001
Tommy Edman,STL,2021,3.0,23.6,0.301,0.291,0.125,0.13699999999999998
Jose Abreu,CHW,2020,2.9,23.3,0.411,0.35,0.3,0.225
Khris Davis,OAK,2018,2.9,23.4,0.365,0.261,0.302,0.268
Yandy Diaz,TBR,2025,2.9,23.0,0.364,0.318,0.182,0.141
Carlos Santana,CLE,2017,2.9,23.4,0.35,0.274,0.196,0.141
Ben Zobrist,CHC,2018,2.9,23.5,0.355,0.331,0.134,0.115
Bryan Reynolds,PIT,2022,2.9,23.2,0.349,0.306,0.199,0.23
Riley Greene,DET,2025,2.9,23.4,0.343,0.323,0.235,0.307
Corey Dickerson,PIT,2018,2.9,23.5,0.341,0.333,0.175,0.15
Taylor Ward,LAA,2025,2.9,23.4,0.339,0.257,0.247,0.264
Robinson Cano,SEA,2017,2.9,23.5,0.334,0.294,0.172,0.131
Lane Thomas,WSN,2023,2.9,23.5,0.334,0.325,0.201,0.258
Brendan Donovan,STL,2025,2.9,22.8,0.337,0.315,0.135,0.13
Jackson Chourio,MIL,2025,2.9,23.4,0.328,0.308,0.193,0.205
Nathaniel Lowe,TEX,2024,2.9,23.4,0.337,0.324,0.136,0.221
Randy Arozarena,SEA,2025,2.9,23.1,0.332,0.298,0.188,0.26899999999999996
Matt Chapman,TOR,2023,2.9,23.6,0.328,0.319,0.185,0.284
Jonathan India,CIN,2024,2.9,23.3,0.333,0.293,0.144,0.196
Carlos Santana,MIN,2024,2.9,23.4,0.326,0.252,0.182,0.16699999999999998
Mark Canha,OAK,2021,2.9,23.3,0.333,0.274,0.156,0.205
Jake Cronenworth,SDP,2025,2.9,23.3,0.333,0.299,0.131,0.20800000000000002
TJ Friedl,CIN,2025,2.9,23.0,0.333,0.301,0.117,0.168
David Fletcher,LAA,2019,2.9,23.6,0.318,0.317,0.094,0.098
Josh Smith,TEX,2024,2.9,23.3,0.323,0.311,0.136,0.204
Willi Castro,MIN,2024,2.9,23.4,0.317,0.315,0.138,0.23600000000000002
Jackie Bradley Jr.,BOS,2018,2.9,23.5,0.31,0.299,0.169,0.256
Marcus Semien,OAK,2018,2.9,23.3,0.307,0.296,0.133,0.18600000000000003
Trea Turner,WSN,2020,2.8,22.1,0.413,0.353,0.253,0.139
Joc Pederson,LAD,2019,2.8,22.6,0.362,0.249,0.289,0.21600000000000003
Nelson Cruz,SEA,2018,2.8,22.7,0.361,0.264,0.252,0.20600000000000002
Gregory Polanco,PIT,2018,2.8,22.6,0.353,0.287,0.245,0.21899999999999997
Jose Abreu,CHW,2021,2.8,22.7,0.354,0.293,0.219,0.217
Pete Alonso,NYM,2023,2.8,22.4,0.346,0.205,0.287,0.22899999999999998
Brian Anderson,MIA,2019,2.8,22.2,0.342,0.305,0.207,0.21899999999999997
Joe Mauer,MIN,2017,2.8,22.7,0.349,0.349,0.112,0.139
Cesar Hernandez,PHI,2017,2.8,22.2,0.346,0.353,0.127,0.18
Willson Contreras,STL,2025,2.8,22.1,0.344,0.319,0.19,0.252
Matt Olson,OAK,2018,2.8,22.4,0.34,0.292,0.207,0.247
Chris Taylor,LAD,2021,2.8,22.1,0.338,0.337,0.183,0.287
Tim Beckham,- - -,2017,2.8,22.0,0.334,0.365,0.176,0.29
Josh Jung,TEX,2023,2.8,22.5,0.334,0.34,0.201,0.293
Nathaniel Lowe,TEX,2023,2.8,22.2,0.34,0.329,0.152,0.228
Ian Happ,CHC,2025,2.8,22.5,0.333,0.288,0.178,0.228
Taylor Ward,LAA,2024,2.8,22.6,0.325,0.294,0.179,0.24600000000000002
Adolis Garcia,TEX,2021,2.8,22.1,0.314,0.306,0.212,0.312
Amed Rosario,CLE,2021,2.8,22.4,0.315,0.34,0.127,0.204
Starlin Castro,MIA,2018,2.8,22.4,0.315,0.33,0.121,0.192
Brandon Nimmo,NYM,2024,2.8,22.2,0.321,0.267,0.175,0.23800000000000002
J.P. Crawford,SEA,2025,2.8,22.4,0.322,0.318,0.105,0.187
Thairo Estrada,SFG,2022,2.8,22.2,0.317,0.29,0.139,0.165
Jorge Mateo,BAL,2022,2.8,22.1,0.281,0.286,0.158,0.276
Andres Gimenez,CLE,2024,2.8,22.1,0.281,0.286,0.087,0.153
Manny Machado,SDP,2020,2.7,21.3,0.391,0.297,0.277,0.146
Mookie Betts,LAD,2020,2.7,21.9,0.39,0.289,0.269,0.154
J.D. Martinez,BOS,2021,2.7,22.0,0.364,0.34,0.232,0.237
Salvador Perez,KCR,2021,2.7,21.6,0.359,0.298,0.271,0.256
Mike Moustakas,MIL,2019,2.7,21.9,0.348,0.25,0.262,0.168
Jake Lamb,ARI,2017,2.7,21.5,0.353,0.287,0.239,0.239
Matt Carpenter,STL,2017,2.7,21.5,0.361,0.274,0.209,0.201
Jay Bruce,- - -,2017,2.7,21.6,0.35,0.274,0.254,0.225
Eduardo Escobar,ARI,2019,2.7,21.9,0.341,0.283,0.242,0.18600000000000003
Justin Upton,LAA,2018,2.7,21.3,0.348,0.321,0.206,0.287
Brandon Drury,LAA,2023,2.7,21.8,0.339,0.308,0.235,0.26
Luis Arraez,MIN,2022,2.7,21.8,0.35,0.331,0.104,0.071
Jack Suwinski,PIT,2023,2.7,21.3,0.341,0.29,0.23,0.322
Adam Duvall,CIN,2017,2.7,22.0,0.327,0.29,0.232,0.263
Odubel Herrera,PHI,2017,2.7,21.9,0.329,0.345,0.171,0.22399999999999998
Nolan Arenado,STL,2023,2.7,22.0,0.327,0.279,0.193,0.165
Randy Arozarena,TBR,2022,2.7,21.6,0.336,0.325,0.183,0.242
Josh Harrison,PIT,2017,2.7,22.0,0.332,0.303,0.16,0.166
Austin Hays,BAL,2023,2.7,21.5,0.33,0.345,0.169,0.249
Yadier Molina,STL,2018,2.7,21.9,0.323,0.264,0.174,0.131
Adley Rutschman,BAL,2024,2.7,21.8,0.309,0.272,0.14,0.161
Jeremy Pena,HOU,2023,2.7,21.7,0.31,0.323,0.118,0.203
Jeremy Pena,HOU,2024,2.7,21.9,0.305,0.301,0.128,0.171
Jacob Young,WSN,2024,2.7,21.3,0.29,0.321,0.075,0.196
Marcell Ozuna,ATL,2020,2.6,21.2,0.444,0.391,0.298,0.225
Edwin Encarnacion,CLE,2017,2.6,20.9,0.373,0.271,0.245,0.19899999999999998
Charlie Blackmon,COL,2018,2.6,20.5,0.368,0.329,0.211,0.193
Eddie Rosario,MIN,2017,2.6,20.4,0.349,0.312,0.218,0.18
Mike Moustakas,KCR,2017,2.6,20.7,0.345,0.263,0.249,0.157
Yasiel Puig,LAD,2017,2.6,20.6,0.349,0.274,0.224,0.175
Jorge Polanco,SEA,2025,2.6,21.1,0.35,0.269,0.229,0.156
Hunter Renfroe,BOS,2021,2.6,20.6,0.344,0.284,0.242,0.22699999999999998
Seiya Suzuki,CHC,2025,2.6,20.8,0.343,0.282,0.233,0.252
Didi Gregorius,NYY,2017,2.6,20.6,0.335,0.287,0.191,0.12300000000000001
Matt Olson,ATL,2024,2.6,20.8,0.339,0.293,0.21,0.248
Ty France,SEA,2022,2.6,21.1,0.337,0.296,0.162,0.153
Robbie Grossman,DET,2021,2.6,20.5,0.337,0.286,0.176,0.231
Gio Urshela,MIN,2022,2.6,20.6,0.332,0.326,0.144,0.174
Gleyber Torres,NYY,2022,2.6,21.2,0.328,0.295,0.194,0.226
Will Smith,LAD,2024,2.6,20.9,0.326,0.273,0.185,0.193
Adam Frazier,PIT,2019,2.6,20.7,0.32,0.306,0.139,0.12300000000000001
Gleyber Torres,DET,2025,2.6,20.6,0.332,0.284,0.132,0.161
Trent Grisham,SDP,2021,2.6,20.4,0.32,0.292,0.171,0.226
Carlos Correa,- - -,2025,2.6,20.9,0.322,0.328,0.127,0.193
Caleb Durbin,MIL,2025,2.6,21.2,0.319,0.265,0.13,0.099
Brandon Crawford,SFG,2018,2.6,20.8,0.306,0.303,0.139,0.205
Whit Merrifield,KCR,2021,2.6,20.7,0.306,0.309,0.117,0.14300000000000002
Brice Turang,MIL,2024,2.6,20.4,0.294,0.3,0.095,0.17
Juan Soto,WSN,2020,2.5,20.1,0.478,0.363,0.344,0.14300000000000002
Anthony Rendon,LAA,2020,2.5,20.2,0.395,0.302,0.212,0.134
Danny Santana,TEX,2019,2.5,20.0,0.352,0.353,0.251,0.295
Anthony Rizzo,NYY,2022,2.5,19.8,0.352,0.216,0.256,0.184
Max Muncy,LAD,2023,2.5,20.3,0.344,0.221,0.263,0.264
Nick Markakis,ATL,2018,2.5,20.2,0.345,0.318,0.143,0.113
Anthony Santander,BAL,2023,2.5,20.2,0.34,0.299,0.215,0.23199999999999998
Manny Machado,SDP,2019,2.5,20.1,0.335,0.274,0.206,0.19399999999999998
Eduardo Escobar,- - -,2021,2.5,19.9,0.334,0.279,0.219,0.207
Ryan McMahon,COL,2021,2.5,19.6,0.334,0.306,0.195,0.247
Mark Canha,NYM,2022,2.5,20.1,0.343,0.309,0.136,0.179
Yadier Molina,STL,2017,2.5,20.2,0.316,0.285,0.166,0.136
Josh Rojas,ARI,2022,2.5,20.3,0.326,0.323,0.122,0.192
Starlin Castro,MIA,2019,2.5,19.7,0.307,0.293,0.165,0.16399999999999998
Leody Taveras,TEX,2023,2.5,20.2,0.316,0.318,0.155,0.21100000000000002
Ian Kinsler,DET,2017,2.5,20.1,0.313,0.244,0.176,0.14
Jurickson Profar,SDP,2022,2.5,20.3,0.32,0.272,0.148,0.157
Manuel Margot,SDP,2017,2.5,19.8,0.309,0.309,0.146,0.2
Dee Strange-Gordon,MIA,2017,2.5,20.2,0.312,0.354,0.067,0.134
Xavier Edwards,MIA,2025,2.5,20.2,0.308,0.33,0.07,0.142
Mike Trout,LAA,2020,2.4,18.8,0.407,0.3,0.322,0.23199999999999998
Eric Thames,MIL,2017,2.4,19.5,0.369,0.309,0.271,0.29600000000000004
Joey Gallo,TEX,2017,2.4,19.4,0.364,0.25,0.327,0.368
Jared Walsh,LAA,2021,2.4,19.0,0.357,0.335,0.232,0.26
Corey Dickerson,TBR,2017,2.4,19.3,0.341,0.338,0.207,0.242
Brent Rooker,ATH,2025,2.4,19.3,0.349,0.302,0.217,0.222
Trent Grisham,SDP,2020,2.4,18.9,0.349,0.31,0.205,0.254
Justin Smoak,TOR,2018,2.4,19.2,0.349,0.297,0.216,0.263
Hunter Renfroe,MIL,2022,2.4,19.3,0.347,0.281,0.236,0.23199999999999998
Christian Yelich,MIL,2025,2.4,19.6,0.343,0.323,0.188,0.259
Rhys Hoskins,PHI,2022,2.4,19.1,0.345,0.292,0.216,0.251
Yasiel Puig,- - -,2019,2.4,19.3,0.33,0.308,0.191,0.218
Dylan Carlson,STL,2021,2.4,19.2,0.336,0.332,0.172,0.24600000000000002
Jason Heyward,CHC,2019,2.4,19.3,0.328,0.281,0.177,0.187
Ronald Acuna Jr.,ATL,2022,2.4,18.9,0.335,0.331,0.148,0.23600000000000002
Rougned Odor,TEX,2018,2.4,19.0,0.325,0.305,0.171,0.237
Orlando Arcia,ATL,2023,2.4,19.3,0.321,0.301,0.156,0.191
Evan Longoria,TBR,2017,2.4,19.0,0.312,0.282,0.163,0.161
Jung Hoo Lee,SFG,2025,2.4,19.3,0.32,0.291,0.141,0.115
Matt Duffy,TBR,2018,2.4,19.5,0.323,0.353,0.072,0.166
Jackie Bradley Jr.,BOS,2017,2.4,19.2,0.313,0.294,0.158,0.22899999999999998
Jeff McNeil,NYM,2023,2.4,19.2,0.314,0.288,0.108,0.1
Tommy Edman,STL,2023,2.4,19.3,0.306,0.275,0.15,0.159
Tim Anderson,CHW,2018,2.4,19.2,0.294,0.289,0.166,0.24600000000000002
DJ LeMahieu,NYY,2020,2.3,18.5,0.429,0.37,0.226,0.09699999999999999
Corey Seager,LAD,2020,2.3,18.5,0.394,0.309,0.278,0.159
C.J. Cron,COL,2021,2.3,18.7,0.383,0.316,0.249,0.214
Tim Anderson,CHW,2020,2.3,18.4,0.376,0.383,0.207,0.226
Nick Castellanos,- - -,2019,2.3,18.1,0.357,0.337,0.236,0.215
Jake Burger,- - -,2023,2.3,18.2,0.349,0.284,0.268,0.276
Avisail Garcia,MIL,2021,2.3,18.3,0.346,0.291,0.228,0.235
C.J. Cron,TBR,2018,2.3,18.6,0.347,0.293,0.24,0.259
Matt Joyce,OAK,2017,2.3,18.2,0.343,0.263,0.23,0.20800000000000002
Heliot Ramos,SFG,2024,2.3,18.5,0.339,0.329,0.2,0.261
Luis Urias,MIL,2021,2.3,18.6,0.34,0.28,0.196,0.204
Spencer Torkelson,DET,2025,2.3,18.8,0.339,0.283,0.217,0.26
Justin Turner,LAD,2022,2.3,18.4,0.343,0.313,0.16,0.16699999999999998
Josh Naylor,CLE,2024,2.3,18.1,0.332,0.246,0.213,0.166
Anthony Santander,BAL,2022,2.3,18.6,0.336,0.248,0.214,0.18899999999999997
Adam Duvall,- - -,2021,2.3,18.2,0.324,0.26,0.263,0.314
Carlos Santana,PHI,2018,2.3,18.7,0.333,0.231,0.186,0.13699999999999998
Josh Harrison,- - -,2021,2.3,18.7,0.325,0.313,0.121,0.134
Mike Yastrzemski,- - -,2025,2.3,18.8,0.321,0.263,0.17,0.19399999999999998
Matt Vierling,DET,2024,2.3,18.7,0.317,0.303,0.166,0.213
Max Kepler,MIN,2018,2.3,18.1,0.316,0.236,0.184,0.157
Kyle Seager,SEA,2021,2.3,18.0,0.308,0.226,0.226,0.24
Bobby Witt Jr.,KCR,2022,2.3,18.6,0.311,0.295,0.174,0.214
CJ Abrams,WSN,2023,2.3,18.0,0.306,0.279,0.167,0.192
Yolmer Sanchez,CHW,2018,2.3,18.7,0.297,0.3,0.13,0.20800000000000002
Otto Lopez,MIA,2025,2.3,18.5,0.295,0.264,0.121,0.138
Ronald Acuna Jr.,ATL,2020,2.2,17.5,0.413,0.302,0.331,0.297
Wil Myers,SDP,2020,2.2,17.7,0.4,0.331,0.318,0.257
Brandon Lowe,TBR,2020,2.2,17.2,0.385,0.309,0.285,0.259
Yonder Alonso,- - -,2017,2.2,17.5,0.366,0.302,0.235,0.226
Kyle Schwarber,PHI,2022,2.2,17.8,0.355,0.24,0.286,0.299
Josh Bell,WSN,2021,2.2,17.3,0.352,0.276,0.215,0.17800000000000002
Kyle Schwarber,CHC,2018,2.2,18.0,0.343,0.288,0.229,0.275
Rhys Hoskins,PHI,2019,2.2,17.8,0.347,0.267,0.228,0.245
Joey Gallo,TEX,2018,2.2,17.3,0.343,0.249,0.292,0.359
Trevor Story,COL,2021,2.2,17.3,0.341,0.293,0.221,0.23399999999999999
Kevin Newman,PIT,2019,2.2,17.4,0.339,0.333,0.138,0.11699999999999999
Jurickson Profar,TEX,2018,2.2,17.6,0.341,0.269,0.204,0.14800000000000002
Bryan Reynolds,PIT,2024,2.2,17.4,0.343,0.33,0.172,0.225
Anthony Rizzo,- - -,2021,2.2,17.4,0.339,0.258,0.192,0.151
Michael Busch,CHC,2024,2.2,17.6,0.336,0.322,0.192,0.28600000000000003
Addison Barger,TOR,2025,2.2,17.6,0.322,0.284,0.211,0.24100000000000002
Jonathan Schoop,DET,2021,2.2,17.4,0.324,0.317,0.157,0.19699999999999998
Christian Yelich,MIL,2022,2.2,17.7,0.328,0.327,0.13,0.24100000000000002
J.D. Davis,SFG,2023,2.2,17.3,0.321,0.32,0.165,0.278
Freddy Galvis,- - -,2019,2.2,17.7,0.307,0.312,0.178,0.24600000000000002
Cesar Hernandez,PHI,2018,2.2,17.3,0.32,0.315,0.109,0.21899999999999997
Maikel Garcia,KCR,2023,2.2,17.2,0.299,0.344,0.086,0.223
Freddy Galvis,SDP,2018,2.2,17.2,0.294,0.304,0.133,0.22399999999999998
J.P. Crawford,SEA,2022,2.2,17.8,0.306,0.275,0.093,0.133
Charlie Blackmon,COL,2019,2.1,17.0,0.387,0.334,0.262,0.16399999999999998
Paul Goldschmidt,STL,2020,2.1,16.5,0.387,0.364,0.162,0.18600000000000003
Kyle Schwarber,CHC,2019,2.1,17.0,0.357,0.276,0.282,0.256
Brent Rooker,OAK,2023,2.1,16.7,0.348,0.317,0.242,0.327
Nick Castellanos,DET,2017,2.1,16.6,0.341,0.313,0.218,0.214
Dansby Swanson,ATL,2020,2.1,16.4,0.348,0.35,0.19,0.26899999999999996
Mitch Haniger,SEA,2021,2.1,17.1,0.34,0.281,0.232,0.245
Kyle Lewis,SEA,2020,2.1,16.6,0.349,0.341,0.175,0.293
Alec Burleson,STL,2025,2.1,16.9,0.346,0.312,0.169,0.145
Marcell Ozuna,STL,2019,2.1,16.7,0.336,0.257,0.231,0.20800000000000002
Michael Brantley,HOU,2021,2.1,17.0,0.347,0.337,0.126,0.10400000000000001
Kole Calhoun,LAA,2019,2.1,17.0,0.33,0.265,0.236,0.256
Bryan Reynolds,PIT,2023,2.1,17.1,0.338,0.304,0.197,0.21600000000000003
Pete Alonso,NYM,2024,2.1,16.5,0.34,0.276,0.219,0.247
Josh Bell,- - -,2022,2.1,16.9,0.344,0.296,0.156,0.158
Jose Altuve,HOU,2025,2.1,17.1,0.331,0.283,0.177,0.16699999999999998
Mike Yastrzemski,SFG,2021,2.1,17.0,0.326,0.254,0.233,0.24600000000000002
Lourdes Gurriel Jr.,ARI,2024,2.1,17.0,0.327,0.313,0.156,0.183
Cody Bellinger,CHC,2024,2.1,16.6,0.322,0.287,0.161,0.156
Hanser Alberto,BAL,2019,2.1,16.7,0.318,0.318,0.116,0.091
Kyle Farmer,CIN,2021,2.1,17.0,0.316,0.296,0.153,0.183
Yolmer Sanchez,CHW,2017,2.1,17.1,0.313,0.321,0.147,0.20800000000000002
Orlando Arcia,MIL,2017,2.1,16.6,0.309,0.317,0.13,0.182
Jake Cronenworth,SDP,2024,2.1,16.5,0.315,0.274,0.149,0.18
Logan O'Hoppe,LAA,2024,2.1,17.2,0.311,0.318,0.165,0.297
DJ LeMahieu,NYY,2021,2.1,16.7,0.315,0.301,0.094,0.138
J.T. Realmuto,PHI,2025,2.1,16.7,0.307,0.321,0.127,0.235
Marcus Semien,TEX,2025,2.1,17.0,0.295,0.251,0.134,0.174
George Springer,HOU,2020,2.0,15.7,0.379,0.259,0.275,0.171
Trevor Story,COL,2020,2.0,15.8,0.37,0.354,0.23,0.243
Ian Happ,CHC,2020,2.0,15.8,0.369,0.317,0.247,0.273
Nick Castellanos,DET,2018,2.0,15.9,0.363,0.361,0.202,0.223
Ryan Braun,MIL,2019,2.0,16.4,0.354,0.325,0.22,0.207
Spencer Steer,CIN,2023,2.0,16.2,0.355,0.318,0.192,0.209
Matt Kemp,LAD,2018,2.0,16.2,0.348,0.339,0.19,0.22699999999999998
Yuli Gurriel,HOU,2017,2.0,15.8,0.344,0.308,0.187,0.11
Andrew McCutchen,- - -,2018,2.0,15.8,0.347,0.304,0.169,0.213
Adam Eaton,WSN,2019,2.0,16.4,0.342,0.319,0.148,0.162
Andrew Benintendi,- - -,2022,2.0,16.0,0.342,0.352,0.095,0.14800000000000002
Lourdes Gurriel Jr.,ARI,2023,2.0,16.0,0.329,0.282,0.201,0.174
Nathaniel Lowe,TEX,2021,2.0,16.3,0.337,0.339,0.151,0.252
J.T. Realmuto,PHI,2023,2.0,16.2,0.324,0.307,0.2,0.256
Evan Longoria,SFG,2019,2.0,16.2,0.322,0.291,0.183,0.22
Shea Langeliers,OAK,2024,2.0,15.7,0.315,0.252,0.226,0.272
Jonathan Villar,NYM,2021,2.0,15.7,0.32,0.313,0.167,0.261
Jackie Bradley Jr.,BOS,2019,2.0,15.9,0.314,0.281,0.196,0.273
Randy Arozarena,- - -,2024,2.0,15.9,0.32,0.275,0.169,0.261
Max Muncy,LAD,2022,2.0,16.3,0.318,0.227,0.188,0.25
Jeimer Candelario,DET,2018,2.0,16.4,0.311,0.279,0.169,0.258
Lawrence Butler,ATH,2025,2.0,15.9,0.31,0.304,0.17,0.284
Elvis Andrus,TEX,2019,2.0,15.8,0.3,0.305,0.118,0.14800000000000002
Javier Baez,DET,2022,2.0,15.7,0.291,0.292,0.155,0.249
Nelson Cruz,MIN,2020,1.9,15.6,0.411,0.36,0.292,0.271
Mike Yastrzemski,SFG,2020,1.9,15.1,0.407,0.37,0.271,0.244
Michael Conforto,NYM,2020,1.9,15.4,0.401,0.412,0.193,0.245
Jorge Soler,MIA,2023,1.9,14.9,0.361,0.272,0.262,0.243
Rhys Hoskins,PHI,2018,1.9,15.1,0.363,0.272,0.251,0.22699999999999998
J.T. Realmuto,PHI,2020,1.9,14.8,0.361,0.307,0.225,0.24600000000000002
Jose Abreu,CHW,2019,1.9,14.9,0.344,0.32,0.219,0.21899999999999997
Nelson Cruz,- - -,2021,1.9,15.0,0.346,0.286,0.232,0.21600000000000003
Jake Cronenworth,SDP,2020,1.9,15.3,0.356,0.324,0.192,0.156
Shin-Soo Choo,TEX,2018,1.9,15.4,0.355,0.33,0.17,0.235
Avisail Garcia,TBR,2019,1.9,15.3,0.334,0.34,0.182,0.23600000000000002
Asdrubal Cabrera,- - -,2019,1.9,15.2,0.331,0.294,0.181,0.2
Alex Verdugo,BOS,2021,1.9,14.9,0.334,0.327,0.138,0.159
Andrew Benintendi,BOS,2017,1.9,15.3,0.332,0.301,0.154,0.17
Mike Moustakas,- - -,2018,1.9,15.6,0.329,0.259,0.208,0.162
Joe Panik,SFG,2017,1.9,15.5,0.329,0.301,0.133,0.094
Trevor Story,COL,2017,1.9,15.3,0.323,0.332,0.219,0.344
Cesar Hernandez,CLE,2020,1.9,14.8,0.335,0.364,0.124,0.218
Chase Headley,NYY,2017,1.9,15.1,0.329,0.341,0.133,0.225
Marcell Ozuna,STL,2018,1.9,15.1,0.327,0.309,0.153,0.175
Yandy Diaz,TBR,2024,1.9,15.4,0.331,0.314,0.133,0.153
Amed Rosario,NYM,2019,1.9,15.3,0.318,0.338,0.144,0.18899999999999997
Yuli Gurriel,HOU,2018,1.9,14.9,0.323,0.306,0.138,0.11
Dansby Swanson,ATL,2019,1.9,15.3,0.317,0.3,0.172,0.228
CJ Abrams,WSN,2024,1.9,14.9,0.322,0.285,0.187,0.213
Teoscar Hernandez,SEA,2023,1.9,15.2,0.317,0.342,0.178,0.311
Max Kepler,MIN,2017,1.9,15.2,0.315,0.276,0.182,0.201
Jordy Mercer,PIT,2017,1.9,15.5,0.308,0.284,0.151,0.158
George Springer,TOR,2023,1.9,14.9,0.32,0.291,0.147,0.183
Eduardo Escobar,NYM,2022,1.9,15.0,0.311,0.281,0.19,0.23800000000000002
Jorge Polanco,MIN,2017,1.9,15.0,0.309,0.278,0.154,0.14300000000000002
Ryan McMahon,COL,2024,1.9,15.3,0.315,0.32,0.155,0.287
Miguel Rojas,MIA,2021,1.9,15.4,0.311,0.295,0.127,0.13699999999999998
Jonathan Villar,- - -,2018,1.9,15.1,0.312,0.339,0.124,0.268
Ryan McMahon,- - -,2025,1.9,15.5,0.306,0.294,0.167,0.32299999999999995
Brett Gardner,NYY,2018,1.9,15.4,0.305,0.272,0.132,0.17600000000000002
Daulton Varsho,TOR,2023,1.9,15.3,0.293,0.256,0.169,0.23199999999999998
Anthony Volpe,NYY,2023,1.9,15.6,0.29,0.259,0.174,0.278
Michael A. Taylor,KCR,2021,1.9,15.4,0.286,0.319,0.112,0.273
Jake Meyers,HOU,2024,1.9,15.6,0.285,0.263,0.141,0.228
Bryce Harper,PHI,2020,1.8,14.7,0.4,0.279,0.274,0.17600000000000002
Brandon Nimmo,NYM,2020,1.8,14.3,0.387,0.326,0.204,0.191
Jeimer Candelario,DET,2020,1.8,14.6,0.373,0.372,0.205,0.23800000000000002
Triston Casas,BOS,2023,1.8,14.2,0.367,0.317,0.226,0.251
Kyle Tucker,HOU,2020,1.8,14.6,0.349,0.303,0.244,0.20199999999999999
Trey Mancini,BAL,2017,1.8,14.7,0.349,0.352,0.195,0.237
Jose Martinez,STL,2018,1.8,14.2,0.356,0.351,0.152,0.17600000000000002
Mike Trout,LAA,2025,1.8,14.4,0.343,0.31,0.206,0.32
LaMonte Wade Jr.,SFG,2023,1.8,14.8,0.347,0.29,0.161,0.183
Kyle Seager,SEA,2020,1.8,14.1,0.338,0.24,0.192,0.133
Austin Hays,BAL,2021,1.8,14.5,0.328,0.286,0.205,0.20199999999999999
Ryan McMahon,COL,2023,1.8,14.2,0.325,0.326,0.191,0.316
Josh Rojas,ARI,2021,1.8,14.1,0.327,0.345,0.147,0.249
Francisco Lindor,CLE,2020,1.8,14.8,0.324,0.28,0.157,0.154
DJ LeMahieu,COL,2018,1.8,14.5,0.322,0.298,0.152,0.141
David Freese,PIT,2017,1.8,14.5,0.326,0.336,0.108,0.231
Brendan Rodgers,COL,2022,1.8,14.6,0.321,0.304,0.142,0.174
Marwin Gonzalez,HOU,2018,1.8,14.7,0.318,0.301,0.162,0.228
Jazz Chisholm Jr.,MIA,2021,1.8,14.6,0.312,0.319,0.177,0.28600000000000003
Ketel Marte,ARI,2022,1.8,14.4,0.317,0.276,0.167,0.18100000000000002
Jose Iglesias,CIN,2019,1.8,14.7,0.306,0.315,0.119,0.132
Austin Hays,BAL,2022,1.8,14.3,0.314,0.289,0.163,0.196
Gleyber Torres,NYY,2024,1.8,14.6,0.313,0.306,0.121,0.205
Brandon Crawford,SFG,2017,1.8,14.4,0.301,0.293,0.151,0.198
Jose Iglesias,- - -,2021,1.8,14.3,0.304,0.305,0.12,0.147
Josh Smith,TEX,2025,1.8,14.1,0.311,0.295,0.115,0.17800000000000002
Bryson Stott,PHI,2024,1.8,14.2,0.296,0.275,0.111,0.163
Billy Hamilton,CIN,2017,1.8,14.3,0.278,0.313,0.088,0.21
Billy Hamilton,CIN,2018,1.8,14.0,0.277,0.309,0.091,0.237
Chris Taylor,LAD,2020,1.7,13.6,0.364,0.344,0.205,0.257
Jose Abreu,CHW,2018,1.7,13.6,0.337,0.294,0.208,0.19699999999999998
Brandon Lowe,TBR,2025,1.7,14.0,0.334,0.297,0.221,0.26899999999999996
Lourdes Gurriel Jr.,TOR,2021,1.7,13.8,0.333,0.305,0.19,0.18899999999999997
Manny Machado,BAL,2017,1.7,13.9,0.328,0.265,0.213,0.16699999999999998
Curtis Granderson,- - -,2017,1.7,13.4,0.33,0.228,0.241,0.233
Whit Merrifield,KCR,2020,1.7,13.2,0.329,0.295,0.157,0.125
Willson Contreras,CHC,2020,1.7,13.4,0.336,0.307,0.164,0.253
Mark Canha,- - -,2023,1.7,13.9,0.333,0.293,0.138,0.156
Alec Bohm,PHI,2025,1.7,13.9,0.322,0.324,0.123,0.163
Cesar Hernandez,PHI,2019,1.7,13.6,0.315,0.313,0.129,0.15
Yandy Diaz,TBR,2021,1.7,13.7,0.325,0.286,0.131,0.157
Ryan Mountcastle,BAL,2022,1.7,13.7,0.316,0.303,0.173,0.253
Luis Rengifo,LAA,2022,1.7,13.3,0.314,0.285,0.166,0.155
Matt Vierling,DET,2023,1.7,13.5,0.315,0.321,0.127,0.21100000000000002
Carlos Correa,MIN,2023,1.7,13.7,0.309,0.272,0.169,0.226
Dansby Swanson,ATL,2018,1.7,13.2,0.293,0.29,0.157,0.22899999999999998
Ezequiel Tovar,COL,2023,1.7,13.4,0.298,0.328,0.155,0.27
Freddy Galvis,PHI,2017,1.7,13.6,0.298,0.292,0.127,0.16699999999999998
Colt Keith,DET,2024,1.7,13.8,0.301,0.306,0.12,0.198
Josh Jung,TEX,2025,1.7,13.3,0.298,0.316,0.139,0.252
Trent Grisham,SDP,2023,1.7,13.5,0.299,0.264,0.154,0.27699999999999997
Trent Grisham,SDP,2022,1.7,13.8,0.28,0.231,0.157,0.28600000000000003
Xander Bogaerts,BOS,2020,1.6,12.7,0.368,0.329,0.202,0.182
Alex Verdugo,BOS,2020,1.6,12.5,0.362,0.371,0.169,0.204
Jackie Bradley Jr.,BOS,2020,1.6,12.6,0.352,0.343,0.168,0.221
Brian Anderson,MIA,2020,1.6,12.8,0.348,0.323,0.21,0.28800000000000003
David Peralta,ARI,2017,1.6,12.6,0.342,0.333,0.15,0.163
Cody Bellinger,LAD,2020,1.6,12.8,0.337,0.245,0.216,0.17300000000000001
Yasmani Grandal,CHW,2020,1.6,12.8,0.338,0.299,0.193,0.299
Josh Bell,PIT,2018,1.6,12.5,0.336,0.305,0.15,0.17800000000000002
Jonathan India,CIN,2023,1.6,12.5,0.327,0.281,0.163,0.20600000000000002
Jean Segura,PHI,2019,1.6,12.9,0.315,0.302,0.141,0.11800000000000001
Jesus Sanchez,MIA,2024,1.6,12.8,0.317,0.315,0.166,0.261
Spencer Steer,CIN,2024,1.6,12.4,0.316,0.26,0.178,0.209
Yainer Diaz,HOU,2025,1.6,12.6,0.3,0.277,0.161,0.168
Josh Donaldson,NYY,2022,1.6,13.0,0.302,0.283,0.153,0.271
Ian Kinsler,- - -,2018,1.6,13.1,0.298,0.25,0.14,0.12
Oneil Cruz,PIT,2025,1.6,12.7,0.295,0.262,0.178,0.32
Isiah Kiner-Falefa,TEX,2021,1.6,12.8,0.293,0.304,0.087,0.133
Elvis Andrus,OAK,2021,1.6,13.1,0.27,0.283,0.076,0.15
Teoscar Hernandez,TOR,2020,1.5,11.6,0.384,0.348,0.289,0.304
Eloy Jimenez,CHW,2020,1.5,11.8,0.373,0.34,0.263,0.248
Robbie Grossman,OAK,2020,1.5,12.1,0.351,0.267,0.241,0.198
Vinnie Pasquantino,KCR,2025,1.5,11.9,0.34,0.271,0.211,0.157
Mark Canha,OAK,2020,1.5,11.9,0.351,0.307,0.162,0.222
Wil Myers,SDP,2017,1.5,12.2,0.335,0.297,0.22,0.27699999999999997
Brandon Crawford,SFG,2020,1.5,12.3,0.334,0.303,0.209,0.244
Scott Schebler,CIN,2017,1.5,12.0,0.33,0.248,0.252,0.235
Andrew McCutchen,PHI,2021,1.5,11.7,0.335,0.242,0.222,0.23
Austin Meadows,TBR,2021,1.5,12.2,0.327,0.249,0.224,0.20600000000000002
Vinnie Pasquantino,KCR,2024,1.5,12.1,0.325,0.265,0.183,0.128
Ian Happ,CHC,2021,1.5,11.7,0.328,0.281,0.209,0.292
Seth Brown,OAK,2022,1.5,12.3,0.323,0.273,0.214,0.263
Carlos Santana,- - -,2023,1.5,12.2,0.323,0.255,0.189,0.168
Alex Verdugo,BOS,2023,1.5,12.4,0.322,0.294,0.158,0.154
Yangervis Solarte,SDP,2017,1.5,11.9,0.311,0.258,0.161,0.11900000000000001
Nick Ahmed,ARI,2020,1.5,12.0,0.318,0.324,0.136,0.212
David Peralta,ARI,2021,1.5,12.1,0.314,0.303,0.144,0.171
Jose Reyes,NYM,2017,1.5,11.7,0.312,0.263,0.168,0.141
Kevin Pillar,TOR,2018,1.5,12.0,0.302,0.281,0.174,0.18100000000000002
Kyle Farmer,CIN,2022,1.5,12.3,0.309,0.286,0.131,0.17
Mike Yastrzemski,SFG,2022,1.5,12.0,0.307,0.261,0.177,0.253
Cesar Hernandez,- - -,2021,1.5,11.8,0.302,0.266,0.154,0.212
Sal Frelick,MIL,2024,1.5,12.2,0.292,0.306,0.076,0.149
Cody Bellinger,LAD,2022,1.5,11.6,0.284,0.255,0.179,0.273
Isiah Kiner-Falefa,NYY,2022,1.5,12.0,0.285,0.296,0.066,0.136
Myles Straw,CLE,2022,1.5,11.7,0.257,0.261,0.052,0.146
Dominic Smith,NYM,2020,1.4,11.0,0.412,0.368,0.299,0.226
Luke Voit,NYY,2020,1.4,11.2,0.393,0.268,0.333,0.231
Kole Calhoun,ARI,2020,1.4,10.9,0.362,0.211,0.3,0.21899999999999997
Luke Voit,NYY,2019,1.4,11.4,0.36,0.345,0.2,0.278
Shin-Soo Choo,TEX,2019,1.4,11.1,0.353,0.333,0.19,0.25
Cavan Biggio,TOR,2020,1.4,11.0,0.355,0.311,0.182,0.23
David Fletcher,LAA,2020,1.4,10.8,0.35,0.348,0.106,0.109
J.D. Martinez,BOS,2022,1.4,11.6,0.343,0.345,0.174,0.243
Adam Jones,BAL,2017,1.4,11.5,0.334,0.312,0.181,0.17800000000000002
Asdrubal Cabrera,NYM,2017,1.4,11.6,0.338,0.31,0.154,0.154
C.J. Cron,COL,2022,1.4,10.8,0.335,0.307,0.21,0.259
Andrew Benintendi,BOS,2019,1.4,10.9,0.33,0.333,0.165,0.228
Andrew Benintendi,KCR,2021,1.4,11.4,0.328,0.309,0.166,0.18
Alec Bohm,PHI,2023,1.4,11.0,0.329,0.296,0.163,0.154
Jesse Winker,- - -,2024,1.4,11.1,0.338,0.304,0.151,0.209
Jake Burger,MIA,2024,1.4,11.5,0.325,0.292,0.209,0.259
Nolan Schanuel,LAA,2025,1.4,11.3,0.327,0.286,0.125,0.126
Ryan Mountcastle,BAL,2024,1.4,11.5,0.316,0.327,0.154,0.225
Odubel Herrera,PHI,2018,1.4,11.2,0.315,0.29,0.165,0.204
Lenyn Sosa,CHW,2025,1.4,10.8,0.313,0.309,0.17,0.233
Alec Bohm,PHI,2022,1.4,11.3,0.31,0.319,0.118,0.174
Lane Thomas,- - -,2024,1.4,11.0,0.309,0.298,0.163,0.259
Lane Thomas,WSN,2022,1.4,11.0,0.308,0.291,0.163,0.24100000000000002
Jason Kipnis,CLE,2018,1.4,10.8,0.308,0.258,0.158,0.18600000000000003
Gleyber Torres,NYY,2021,1.4,11.0,0.307,0.314,0.107,0.20199999999999999
Lorenzo Cain,MIL,2019,1.4,11.5,0.302,0.301,0.112,0.17
Michael Harris II,ATL,2025,1.4,10.9,0.289,0.281,0.16,0.2
J.P. Crawford,SEA,2020,1.4,11.5,0.303,0.303,0.083,0.168
Matt McLain,CIN,2025,1.4,11.2,0.286,0.292,0.124,0.289
Miguel Rojas,MIA,2018,1.4,11.4,0.282,0.272,0.094,0.131
Tony Kemp,OAK,2022,1.4,10.9,0.287,0.259,0.099,0.124
Mallex Smith,SEA,2019,1.4,11.1,0.278,0.302,0.108,0.249
Zack Gelof,OAK,2024,1.4,11.4,0.276,0.296,0.151,0.344
Ke'Bryan Hayes,- - -,2025,1.4,11.1,0.266,0.289,0.07,0.195
Joey Ortiz,MIL,2025,1.4,10.9,0.263,0.26,0.087,0.146
Lourdes Gurriel Jr.,TOR,2020,1.3,10.1,0.372,0.351,0.226,0.214
Jeff McNeil,NYM,2020,1.3,10.7,0.36,0.335,0.142,0.115
Tommy La Stella,- - -,2020,1.3,10.3,0.355,0.276,0.168,0.053
Edwin Encarnacion,CLE,2018,1.3,10.1,0.346,0.265,0.228,0.228
Christian Vazquez,BOS,2020,1.3,10.1,0.346,0.341,0.173,0.228
Nick Castellanos,PHI,2023,1.3,10.4,0.335,0.337,0.204,0.276
Jesus Aguilar,MIA,2021,1.3,10.6,0.334,0.279,0.198,0.182
Starling Marte,- - -,2020,1.3,10.3,0.333,0.319,0.149,0.16399999999999998
Jean Segura,PHI,2020,1.3,10.2,0.333,0.314,0.156,0.207
Spencer Torkelson,DET,2023,1.3,10.7,0.326,0.269,0.213,0.25
Eddie Rosario,ATL,2023,1.3,10.5,0.322,0.3,0.195,0.23600000000000002
Gavin Sheets,SDP,2025,1.3,10.8,0.323,0.284,0.177,0.196
Luis Robert Jr.,CHW,2020,1.3,10.8,0.316,0.3,0.203,0.322
DJ LeMahieu,NYY,2023,1.3,10.2,0.315,0.295,0.147,0.222
Miguel Vargas,CHW,2025,1.3,10.8,0.314,0.261,0.167,0.17600000000000002
Wilmer Flores,SFG,2022,1.3,10.4,0.312,0.246,0.166,0.171
Miguel Rojas,MIA,2019,1.3,10.1,0.305,0.314,0.095,0.11800000000000001
Adalberto Mondesi,KCR,2020,1.3,10.6,0.305,0.35,0.16,0.3
Kevin Pillar,TOR,2017,1.3,10.1,0.302,0.28,0.148,0.15
Ty France,SEA,2023,1.3,10.1,0.315,0.294,0.116,0.17600000000000002
Leury Garcia,CHW,2019,1.3,10.4,0.294,0.353,0.099,0.225
Whit Merrifield,- - -,2022,1.3,10.0,0.294,0.276,0.125,0.155
Ozzie Albies,ATL,2025,1.3,10.6,0.295,0.259,0.124,0.141
Chase Meidroth,CHW,2025,1.3,10.8,0.294,0.291,0.067,0.14300000000000002
Adam Frazier,SEA,2022,1.3,10.1,0.274,0.268,0.072,0.121
Jonathan Schoop,DET,2022,1.3,10.1,0.245,0.234,0.121,0.21
A.J. Pollock,LAD,2020,1.2,9.2,0.364,0.277,0.291,0.214
Willy Adames,TBR,2020,1.2,9.2,0.347,0.388,0.222,0.361
Justin Turner,BOS,2023,1.2,9.4,0.346,0.304,0.179,0.17600000000000002
Eddie Rosario,MIN,2019,1.2,9.7,0.329,0.273,0.224,0.146
Vladimir Guerrero Jr.,TOR,2023,1.2,9.9,0.34,0.277,0.179,0.147
Jo Adell,LAA,2025,1.2,9.8,0.333,0.257,0.249,0.264
Kyle Manzardo,CLE,2025,1.2,9.4,0.329,0.265,0.221,0.254
Wilson Ramos,NYM,2019,1.2,9.4,0.327,0.31,0.129,0.132
Max Kepler,MIN,2020,1.2,9.5,0.328,0.236,0.211,0.184
Marcell Ozuna,ATL,2025,1.2,9.8,0.334,0.28,0.168,0.243
Justin Turner,- - -,2024,1.2,9.2,0.327,0.299,0.124,0.17600000000000002
Patrick Wisdom,CHC,2022,1.2,9.7,0.316,0.274,0.22,0.34299999999999997
Kole Calhoun,LAA,2017,1.2,9.8,0.315,0.284,0.148,0.205
Paul Goldschmidt,STL,2024,1.2,9.2,0.31,0.308,0.169,0.265
Carlos Correa,HOU,2020,1.2,9.2,0.308,0.324,0.119,0.222
Whit Merrifield,TOR,2023,1.2,9.8,0.304,0.313,0.11,0.171
Alex Gordon,KCR,2018,1.2,9.6,0.305,0.299,0.125,0.218
Jackson Holliday,BAL,2025,1.2,9.9,0.304,0.291,0.133,0.21600000000000003
Nick Solak,TEX,2021,1.2,9.3,0.299,0.292,0.12,0.209
Leody Taveras,TEX,2024,1.2,9.6,0.282,0.272,0.123,0.212
Maikel Garcia,KCR,2024,1.2,10.0,0.27,0.268,0.101,0.165
Michael Brantley,HOU,2020,1.1,9.2,0.362,0.336,0.176,0.15
Wilmer Flores,SFG,2020,1.1,8.5,0.347,0.272,0.247,0.16899999999999998
Eloy Jimenez,CHW,2019,1.1,8.5,0.343,0.308,0.246,0.266
Franmil Reyes,- - -,2019,1.1,8.9,0.338,0.279,0.263,0.285
Eugenio Suarez,CIN,2020,1.1,8.9,0.332,0.214,0.268,0.29
Jorge Soler,- - -,2024,1.1,8.5,0.34,0.293,0.201,0.24600000000000002
Maikel Franco,KCR,2020,1.1,8.4,0.329,0.298,0.179,0.156
Luis Arraez,- - -,2024,1.1,8.9,0.323,0.324,0.078,0.043
Randal Grichuk,TOR,2019,1.1,8.8,0.307,0.266,0.225,0.26
Alex Verdugo,BOS,2022,1.1,8.6,0.319,0.309,0.125,0.134
Heliot Ramos,SFG,2025,1.1,8.8,0.319,0.309,0.144,0.22699999999999998
Tommy Pham,SDP,2021,1.1,8.4,0.318,0.28,0.154,0.228
Bryan Reynolds,PIT,2025,1.1,8.7,0.315,0.319,0.157,0.265
Christian Walker,HOU,2025,1.1,8.9,0.31,0.291,0.183,0.27699999999999997
Ramon Laureano,OAK,2020,1.1,9.0,0.315,0.27,0.153,0.261
Kolten Wong,STL,2020,1.1,8.8,0.305,0.311,0.061,0.14400000000000002
George Springer,TOR,2024,1.1,8.5,0.298,0.245,0.15,0.187
Zach McKinstry,DET,2023,1.1,8.9,0.289,0.284,0.121,0.218
Miguel Rojas,MIA,2022,1.1,8.7,0.268,0.258,0.087,0.12
Adam Duvall,ATL,2020,1.0,8.0,0.348,0.24,0.295,0.258
Daniel Vogelbach,SEA,2019,1.0,8.3,0.333,0.232,0.232,0.267
Rowdy Tellez,MIL,2022,1.0,8.4,0.327,0.215,0.242,0.20199999999999999
Anthony Rizzo,CHC,2020,1.0,7.7,0.326,0.218,0.192,0.156
Ben Gamel,SEA,2017,1.0,7.9,0.315,0.34,0.138,0.222
Orlando Arcia,MIL,2020,1.0,8.2,0.317,0.292,0.156,0.16899999999999998
Willson Contreras,CHC,2018,1.0,8.0,0.321,0.313,0.141,0.222
Spencer Steer,CIN,2025,1.0,7.7,0.316,0.277,0.173,0.22699999999999998
Yoan Moncada,CHW,2018,1.0,8.3,0.311,0.344,0.164,0.33399999999999996
Jurickson Profar,OAK,2019,1.0,8.0,0.301,0.218,0.192,0.145
Trey Mancini,- - -,2022,1.0,7.8,0.312,0.286,0.152,0.23
Isiah Kiner-Falefa,TEX,2020,1.0,8.4,0.307,0.316,0.09,0.14
Brian Dozier,- - -,2018,1.0,8.3,0.304,0.24,0.175,0.204
Tommy Edman,STL,2020,1.0,7.7,0.302,0.301,0.118,0.21100000000000002
Manuel Margot,SDP,2018,1.0,8.2,0.288,0.281,0.138,0.17
Ceddanne Rafaela,BOS,2024,1.0,8.2,0.286,0.312,0.143,0.264
Anthony Volpe,NYY,2025,1.0,8.1,0.286,0.252,0.18,0.252
Donovan Solano,SFG,2020,0.9,7.0,0.357,0.396,0.137,0.192
Kyle Schwarber,PHI,2023,0.9,7.1,0.35,0.209,0.277,0.299
Aaron Hicks,NYY,2020,0.9,6.9,0.351,0.256,0.189,0.18
Christian Yelich,MIL,2020,0.9,6.9,0.343,0.259,0.225,0.308
Miguel Sano,MIN,2021,0.9,7.0,0.332,0.291,0.243,0.344
David Peralta,ARI,2020,0.9,6.8,0.333,0.361,0.133,0.20600000000000002
Jurickson Profar,SDP,2020,0.9,7.6,0.335,0.293,0.15,0.139
Teoscar Hernandez,TOR,2018,0.9,7.1,0.328,0.313,0.229,0.312
Mitch Moreland,BOS,2017,0.9,7.1,0.326,0.278,0.197,0.20800000000000002
Trey Mancini,BAL,2021,0.9,7.6,0.326,0.308,0.176,0.23199999999999998
Eric Hosmer,SDP,2021,0.9,7.0,0.319,0.313,0.126,0.175
Jordan Beck,COL,2025,0.9,7.0,0.319,0.351,0.158,0.29600000000000004
Evan Longoria,SFG,2020,0.9,7.4,0.308,0.28,0.171,0.187
Luis Arraez,SDP,2025,0.9,7.1,0.313,0.289,0.1,0.031
Jed Lowrie,OAK,2021,0.9,7.0,0.311,0.289,0.153,0.21100000000000002
Yoan Moncada,CHW,2020,0.9,7.4,0.309,0.315,0.16,0.312
Carlos Santana,- - -,2022,0.9,7.0,0.308,0.209,0.174,0.174
Josh Bell,PIT,2017,0.8,6.8,0.338,0.278,0.211,0.18899999999999997
Colin Moran,PIT,2020,0.8,6.4,0.34,0.291,0.225,0.26
Ryan Mountcastle,BAL,2021,0.8,6.7,0.335,0.297,0.232,0.275
Franmil Reyes,CLE,2020,0.8,6.2,0.341,0.355,0.175,0.28600000000000003
Rafael Devers,BOS,2020,0.8,6.2,0.337,0.325,0.22,0.27
Eddie Rosario,MIN,2020,0.8,6.1,0.333,0.248,0.219,0.147
Ryan McMahon,COL,2019,0.8,6.8,0.33,0.323,0.2,0.297
Joey Votto,CIN,2019,0.8,6.3,0.332,0.313,0.15,0.20199999999999999
Paul Goldschmidt,NYY,2025,0.8,6.3,0.316,0.325,0.129,0.187
Joe Mauer,MIN,2018,0.8,6.7,0.319,0.33,0.097,0.158
Brendan Rodgers,COL,2024,0.8,6.0,0.314,0.338,0.14,0.245
Rougned Odor,TEX,2019,0.8,6.5,0.302,0.244,0.234,0.306
Lourdes Gurriel Jr.,ARI,2025,0.8,6.1,0.307,0.254,0.17,0.139
Victor Reyes,DET,2020,0.8,6.2,0.307,0.34,0.114,0.21100000000000002
Carlos Santana,CLE,2020,0.8,6.1,0.316,0.212,0.15,0.16899999999999998
Jake Cronenworth,SDP,2023,0.8,6.1,0.301,0.267,0.148,0.18600000000000003
Jesse Winker,SEA,2022,0.8,6.1,0.313,0.251,0.125,0.188
Lars Nootbaar,STL,2025,0.8,6.7,0.304,0.279,0.128,0.204
Orlando Arcia,ATL,2024,0.8,6.6,0.273,0.249,0.136,0.213
David Fletcher,LAA,2021,0.8,6.8,0.273,0.287,0.062,0.09
Mark Reynolds,COL,2017,0.7,5.3,0.357,0.343,0.219,0.295
Didi Gregorius,PHI,2020,0.7,5.5,0.348,0.285,0.205,0.11800000000000001
Kevin Pillar,- - -,2020,0.7,5.4,0.341,0.335,0.173,0.184
Randal Grichuk,TOR,2020,0.7,5.5,0.334,0.299,0.208,0.212
Christian Walker,ARI,2020,0.7,6.0,0.339,0.317,0.188,0.20600000000000002
Masataka Yoshida,BOS,2023,0.7,6.0,0.339,0.316,0.156,0.14
Alex Gordon,KCR,2019,0.7,5.3,0.319,0.301,0.129,0.158
Nick Markakis,ATL,2017,0.7,6.0,0.321,0.324,0.11,0.16399999999999998
Hunter Dozier,KCR,2020,0.7,5.7,0.326,0.288,0.165,0.258
Alec Burleson,STL,2024,0.7,5.3,0.319,0.276,0.152,0.128
Pavin Smith,ARI,2021,0.7,5.3,0.318,0.319,0.137,0.19399999999999998
Josh Reddick,HOU,2019,0.7,5.3,0.308,0.288,0.134,0.12
Nolan Schanuel,LAA,2024,0.7,5.7,0.315,0.285,0.112,0.17
Luis Garcia Jr.,WSN,2025,0.7,5.8,0.3,0.27,0.16,0.16
Tommy Pham,- - -,2022,0.7,5.4,0.304,0.304,0.137,0.268
Adolis Garcia,TEX,2025,0.7,6.0,0.286,0.267,0.168,0.247
Adam Frazier,PIT,2020,0.7,5.7,0.291,0.246,0.134,0.152
Brandon Crawford,SFG,2019,0.7,5.4,0.281,0.274,0.122,0.209
Javier Baez,CHC,2020,0.7,5.5,0.256,0.262,0.158,0.319
Javier Baez,DET,2023,0.7,5.4,0.261,0.274,0.104,0.22899999999999998
Raimel Tapia,COL,2020,0.6,4.5,0.338,0.392,0.082,0.184
J.D. Davis,NYM,2020,0.6,4.9,0.339,0.318,0.142,0.245
Nomar Mazara,TEX,2018,0.6,4.4,0.324,0.298,0.178,0.21600000000000003
Justin Bour,- - -,2018,0.6,5.0,0.324,0.27,0.177,0.248
Teoscar Hernandez,LAD,2025,0.6,5.2,0.315,0.283,0.207,0.245
Nolan Arenado,COL,2020,0.6,4.4,0.308,0.241,0.181,0.1
Brandon Phillips,- - -,2017,0.6,4.8,0.316,0.308,0.131,0.121
Ketel Marte,ARI,2020,0.6,4.9,0.316,0.311,0.122,0.10800000000000001
Kevin Pillar,- - -,2019,0.6,4.7,0.298,0.27,0.173,0.138
Randal Grichuk,TOR,2021,0.6,4.9,0.3,0.266,0.182,0.209
Andrew McCutchen,MIL,2022,0.6,4.7,0.309,0.278,0.148,0.214
A.J. Pollock,CHW,2022,0.6,4.7,0.297,0.278,0.143,0.18600000000000003
Joey Gallo,TEX,2020,0.6,4.6,0.297,0.24,0.197,0.35
Tim Anderson,CHW,2017,0.6,4.6,0.288,0.328,0.145,0.267
Kyle Seager,SEA,2018,0.6,5.1,0.288,0.251,0.178,0.21899999999999997
Jorge Polanco,MIN,2020,0.6,5.0,0.289,0.292,0.096,0.155
Alex Verdugo,NYY,2024,0.6,4.8,0.283,0.253,0.123,0.15
Joey Votto,CIN,2020,0.5,3.8,0.347,0.235,0.22,0.193
Miguel Sano,MIN,2020,0.5,4.3,0.317,0.301,0.274,0.439
Dexter Fowler,STL,2019,0.5,4.3,0.326,0.294,0.17,0.247
Brandon Belt,SFG,2019,0.5,4.2,0.319,0.275,0.169,0.20600000000000002
Andrew McCutchen,PIT,2024,0.5,4.1,0.325,0.283,0.179,0.258
Matt Olson,OAK,2020,0.5,4.2,0.316,0.227,0.229,0.314
Salvador Perez,KCR,2025,0.5,4.2,0.311,0.251,0.209,0.195
Randal Grichuk,COL,2022,0.5,3.6,0.315,0.309,0.166,0.23600000000000002
Keston Hiura,MIL,2020,0.5,3.8,0.304,0.273,0.198,0.34600000000000003
Kyle Schwarber,CHC,2020,0.5,4.2,0.307,0.219,0.204,0.295
Raimel Tapia,COL,2021,0.5,4.1,0.305,0.306,0.099,0.131
Cesar Hernandez,WSN,2022,0.5,3.7,0.283,0.309,0.07,0.185
Alcides Escobar,KCR,2017,0.5,3.8,0.269,0.291,0.107,0.162
Shin-Soo Choo,TEX,2017,0.4,3.1,0.339,0.305,0.162,0.21100000000000002
Denard Span,SFG,2017,0.4,2.9,0.325,0.295,0.155,0.127
Asdrubal Cabrera,WSN,2020,0.4,3.0,0.319,0.26,0.205,0.188
Derek Dietrich,MIA,2018,0.4,3.5,0.326,0.336,0.156,0.254
Colin Moran,PIT,2019,0.4,3.4,0.315,0.341,0.152,0.233
Josh Bell,- - -,2023,0.4,3.3,0.323,0.287,0.172,0.217
Andrew Vaughn,CHW,2023,0.4,3.5,0.321,0.299,0.171,0.21
Jason Kipnis,CLE,2019,0.4,2.8,0.301,0.265,0.166,0.172
MJ Melendez,KCR,2023,0.4,3.1,0.31,0.311,0.163,0.282
Hunter Renfroe,- - -,2023,0.4,3.6,0.308,0.27,0.183,0.228
Luke Voit,- - -,2022,0.4,3.4,0.311,0.298,0.176,0.315
Hanser Alberto,BAL,2020,0.4,2.9,0.301,0.314,0.11,0.13
Evan Longoria,SFG,2018,0.4,3.3,0.295,0.274,0.169,0.19699999999999998
Amed Rosario,- - -,2023,0.4,3.1,0.297,0.314,0.116,0.182
Amed Rosario,NYM,2018,0.4,3.2,0.29,0.31,0.125,0.201
Avisail Garcia,MIL,2020,0.4,3.4,0.296,0.315,0.088,0.237
Brenton Doyle,COL,2025,0.4,3.5,0.282,0.289,0.143,0.257
Marwin Gonzalez,MIN,2020,0.4,3.1,0.269,0.241,0.109,0.20600000000000002
Pete Alonso,NYM,2020,0.3,2.7,0.342,0.242,0.26,0.255
Charlie Blackmon,COL,2020,0.3,2.7,0.34,0.347,0.145,0.17800000000000002
Vladimir Guerrero Jr.,TOR,2020,0.3,2.2,0.338,0.282,0.199,0.156
Nick Castellanos,CIN,2020,0.3,2.4,0.329,0.257,0.261,0.285
Vladimir Guerrero Jr.,TOR,2019,0.3,2.4,0.329,0.308,0.162,0.177
Miguel Cabrera,DET,2020,0.3,2.2,0.323,0.283,0.167,0.221
Adam Jones,BAL,2018,0.3,2.1,0.315,0.311,0.138,0.152
Gavin Lux,CIN,2025,0.3,2.3,0.322,0.351,0.105,0.22699999999999998
Rio Ruiz,BAL,2020,0.3,2.7,0.303,0.244,0.205,0.225
Marcus Semien,OAK,2020,0.3,2.2,0.299,0.26,0.152,0.212
Brooks Lee,MIN,2025,0.3,2.6,0.286,0.258,0.133,0.175
Kole Calhoun,LAA,2018,0.3,2.1,0.283,0.241,0.161,0.24100000000000002
Yolmer Sanchez,CHW,2019,0.3,2.8,0.281,0.324,0.069,0.21100000000000002
Dee Strange-Gordon,SEA,2018,0.3,2.5,0.277,0.304,0.081,0.136
Renato Nunez,BAL,2020,0.2,1.6,0.347,0.317,0.236,0.29600000000000004
Nomar Mazara,TEX,2017,0.2,1.8,0.317,0.293,0.17,0.20600000000000002
Nick Castellanos,PHI,2024,0.2,1.9,0.321,0.294,0.177,0.21100000000000002
Charlie Blackmon,COL,2022,0.2,1.4,0.317,0.304,0.155,0.18899999999999997
Trevor Larnach,MIN,2025,0.2,1.7,0.317,0.295,0.153,0.215
Rhys Hoskins,MIL,2024,0.2,1.6,0.313,0.25,0.205,0.28800000000000003
Max Muncy,LAD,2020,0.2,1.9,0.316,0.203,0.197,0.242
Trey Mancini,BAL,2018,0.2,1.4,0.308,0.285,0.174,0.24100000000000002
Salvador Perez,KCR,2018,0.2,1.2,0.304,0.245,0.204,0.19899999999999998
Bryan Reynolds,PIT,2020,0.2,1.9,0.278,0.231,0.168,0.27399999999999997
Erik Gonzalez,PIT,2020,0.2,1.7,0.262,0.292,0.133,0.264
Myles Straw,CLE,2023,0.2,1.4,0.268,0.295,0.058,0.187
Nicky Lopez,KCR,2020,0.2,1.3,0.254,0.26,0.065,0.214
Jesus Aguilar,MIA,2020,0.1,1.1,0.347,0.306,0.181,0.185
Renato Nunez,BAL,2019,0.1,0.5,0.323,0.272,0.216,0.239
Domingo Santana,SEA,2019,0.1,1.1,0.326,0.347,0.188,0.32299999999999995
Melky Cabrera,- - -,2017,0.1,1.1,0.319,0.299,0.137,0.111
Josh Bell,WSN,2025,0.1,0.5,0.324,0.247,0.179,0.165
Yonder Alonso,CLE,2018,0.1,0.7,0.319,0.283,0.171,0.214
Austin Riley,ATL,2020,0.1,0.6,0.307,0.28,0.176,0.23800000000000002
Ryan McMahon,COL,2020,0.1,0.9,0.308,0.286,0.203,0.342
Corey Dickerson,MIA,2020,0.1,0.4,0.308,0.283,0.144,0.16699999999999998
Hunter Pence,SFG,2017,0.1,0.8,0.303,0.301,0.126,0.18899999999999997
Carlos Gonzalez,COL,2017,0.0,0.4,0.327,0.318,0.162,0.223
Ryon Healy,OAK,2017,0.0,0.3,0.32,0.319,0.181,0.235
Jorge Soler,- - -,2021,0.0,0.3,0.323,0.25,0.209,0.23600000000000002
Tucker Barnhart,CIN,2018,0.0,0.1,0.307,0.291,0.124,0.184
Luis Rengifo,LAA,2025,0.0,0.1,0.275,0.281,0.098,0.192
