playerID,Name,yearID,WAR,salary,BABIP,wOBA,ISO,K%,cluster,distance_to_centroid,similarity_score,trend_score,composite_score
pagesan01,Andy Pages,2025,4.1,0.0,0.308,0.332,0.189,0.216,0,0.14932638966409909,91.18608464999348,5.0,68.77443385999739
mckinza01,Zach McKinstry,2025,3.2,0.0,0.314,0.333,0.179,0.217,0,0.12638528441564142,97.32616868434188,5.0,68.53046747373676
langfwy01,Wyatt Langford,2025,4.1,0.0,0.299,0.337,0.19,0.264,0,0.15466842451459203,89.75631295672906,5.0,68.20252518269163
duranja01,Jarren Duran,2025,3.9,0.0,0.326,0.335,0.185,0.243,0,0.15298696023039032,90.2063493387577,5.0,67.78253973550308
croneja01,Jake Cronenworth,2025,2.9,0.0,0.299,0.333,0.131,0.208,0,0.1263625304680358,97.33225867647165,5.0,67.63290347058866
contrwi01,Willson Contreras,2025,2.8,0.0,0.319,0.344,0.19,0.252,0,0.12428846896111581,97.88737194616698,5.0,67.5549487784668
rafaece01,Ceddanne Rafaela,2025,3.8,0.0,0.289,0.307,0.165,0.1989999999999999,0,0.1540812640788734,89.91346381663368,5.0,67.36538552665347
soderty01,Tyler Soderstrom,2025,3.4,0.0,0.327,0.354,0.198,0.226,0,0.14575825760678018,92.14107920846462,5.0,67.05643168338585
ohearry01,Ryan O'Hearn,2025,3.0,0.0,0.33,0.349,0.156,0.2,0,0.13476494294222538,95.08339062395052,5.0,67.03335624958021
ohearry01,Ryan O'Hearn,2025,3.0,0.0,0.33,0.349,0.156,0.2,0,0.13476494294222538,95.08339062395052,5.0,67.03335624958021
garcima01,Maikel Garcia,2025,5.6,0.0,0.308,0.347,0.163,0.126,0,0.2077319193404875,75.55410631243005,5.0,67.02164252497202
netoza01,Zach Neto,2025,3.1,0.0,0.312,0.337,0.217,0.2689999999999999,0,0.1378339163058359,94.26199365341824,5.0,67.0047974613673
naylojo01,Josh Naylor,2025,3.1,0.0,0.315,0.351,0.168,0.1369999999999999,0,0.13862356431454678,94.05064790182824,5.0,66.92025916073129
naylojo01,Josh Naylor,2025,3.1,0.0,0.315,0.351,0.168,0.1369999999999999,0,0.13862356431454678,94.05064790182824,5.0,66.92025916073129
delacel01,Elly De La Cruz,2025,4.3,0.0,0.337,0.333,0.176,0.259,0,0.17374382194793203,84.65086829916729,5.0,66.76034731966692
perdoge01,Geraldo Perdomo,2025,7.1,0.0,0.303,0.37,0.173,0.115,0,0.25414638307299753,63.13148304993543,5.0,66.55259321997417
abramcj01,CJ Abrams,2025,3.1,0.0,0.296,0.324,0.176,0.1969999999999999,0,0.12338334829805922,98.12962343632856,4.000000000000002,66.55184937453143
kirkal01,Alejandro Kirk,2025,4.7,0.0,0.292,0.334,0.14,0.1169999999999999,0,0.18906709978452604,80.5496616406659,5.0,66.31986465626636
donovbr01,Brendan Donovan,2025,2.9,0.0,0.315,0.337,0.135,0.13,0,0.13880773934026563,94.00135428137297,5.0,66.30054171254919
storytr01,Trevor Story,2025,3.0,0.0,0.33,0.32,0.17,0.2689999999999999,0,0.1419429935775628,93.16221753196349,5.0,66.26488701278541
crowape01,Pete Crow-Armstrong,2025,5.4,0.0,0.276,0.323,0.234,0.24,0,0.2129163874741099,74.16650664497361,5.0,65.86660265798945
winnma01,Masyn Winn,2025,3.5,0.0,0.301,0.297,0.11,0.19,0,0.16092190722325866,88.08259632787838,5.0,65.73303853115135
langesh01,Shea Langeliers,2025,3.9,0.0,0.29,0.364,0.26,0.1969999999999999,0,0.1722435940760926,85.05239756743934,5.0,65.72095902697573
lindofr01,Francisco Lindor,2025,6.3,0.0,0.288,0.35,0.199,0.179,0,0.22149509186874303,71.87045484980466,3.999999999999999,65.64818193992187
frelisa01,Sal Frelick,2025,3.6,0.0,0.317,0.332,0.117,0.135,0,0.16459810938543462,87.0986772900399,5.0,65.63947091601597
ricebe01,Ben Rice,2025,3.0,0.0,0.271,0.358,0.244,0.1889999999999999,0,0.14940248933367392,91.16571691438898,5.0,65.4662867657556
turnetr01,Trea Turner,2025,6.7,0.0,0.35,0.352,0.153,0.1669999999999999,0,0.2534026016172911,63.33055282411445,5.0,65.43222112964578
turanbr02,Brice Turang,2025,4.4,0.0,0.356,0.346,0.147,0.228,0,0.1895932695285075,80.40883466614187,5.0,65.36353386645675
chapmma01,Matt Chapman,2025,3.7,0.0,0.27,0.336,0.198,0.236,0,0.15273156136667773,90.27470570034049,4.000000000000002,65.2098822801362
ramirjo01,Jose Ramirez,2025,6.3,0.0,0.279,0.36,0.219,0.11,0,0.24460861366883443,65.68422429790716,5.0,65.17368971916287
greenri02,Riley Greene,2025,2.9,0.0,0.323,0.343,0.235,0.307,0,0.14948295178300208,91.14418150033052,5.0,65.1576726001322
buschmi02,Michael Busch,2025,3.5,0.0,0.292,0.369,0.261,0.235,0,0.16640450952127478,86.61520238708323,5.0,65.1460809548333
polanjo01,Jorge Polanco,2025,2.6,0.0,0.269,0.35,0.229,0.156,0,0.1422142666653189,93.08961250543838,5.0,65.03584500217535
grishtr01,Trent Grisham,2025,3.2,0.0,0.253,0.353,0.229,0.236,0,0.1595594332205629,88.44725639026701,5.0,64.97890255610682
clemeer01,Ernie Clement,2025,3.2,0.0,0.296,0.308,0.121,0.104,0,0.16117311922369854,88.01536056149169,5.0,64.80614422459668
goodmhu01,Hunter Goodman,2025,3.4,0.0,0.331,0.359,0.243,0.263,0,0.1673064688943717,86.3737970020155,5.0,64.7495188008062
carroco02,Corbin Carroll,2025,6.5,0.0,0.299,0.371,0.282,0.238,0,0.25471880325264873,62.978277353525,5.0,64.69131094141
wardta01,Taylor Ward,2025,2.9,0.0,0.257,0.339,0.247,0.264,0,0.15439321856921281,89.82997059497623,5.0,64.6319882379905
correca01,Carlos Correa,2025,2.6,0.0,0.328,0.322,0.127,0.193,0,0.13732328873736238,94.39866083430279,4.500000000000001,64.55946433372111
correca01,Carlos Correa,2025,2.6,0.0,0.328,0.322,0.127,0.193,0,0.13732328873736238,94.39866083430279,4.500000000000001,64.55946433372111
yastrmi01,Mike Yastrzemski,2025,2.3,0.0,0.263,0.321,0.17,0.1939999999999999,0,0.13897172853750098,93.95746330747065,5.0,64.48298532298826
yastrmi01,Mike Yastrzemski,2025,2.3,0.0,0.263,0.321,0.17,0.1939999999999999,0,0.13897172853750098,93.95746330747065,5.0,64.48298532298826
torkesp01,Spencer Torkelson,2025,2.3,0.0,0.283,0.339,0.217,0.26,0,0.13991229421068044,93.7057251191576,4.999999999999999,64.38229004766305
caminju01,Junior Caminero,2025,4.6,0.0,0.26,0.357,0.271,0.191,0,0.20558005389491724,76.13004345771209,5.0,64.25201738308483
altuvjo01,Jose Altuve,2025,2.1,0.0,0.283,0.331,0.177,0.1669999999999999,0,0.13557952319776737,94.8653718682027,5.0,64.24614874728107
buxtoby01,Byron Buxton,2025,5.0,0.0,0.302,0.367,0.287,0.273,0,0.21706184328698896,73.05699396997001,5.0,64.222797587988
leeju01,Jung Hoo Lee,2025,2.4,0.0,0.291,0.32,0.141,0.115,0,0.14567410300276254,92.16360281118338,5.0,64.06544112447335
bargead01,Addison Barger,2025,2.2,0.0,0.284,0.322,0.211,0.241,0,0.14138534675708753,93.31146920498111,5.0,63.92458768199245
woodja03,James Wood,2025,3.3,0.0,0.35,0.353,0.219,0.321,0,0.172394312415961,85.0120584790525,5.0,63.904823391621
burleal01,Alec Burleson,2025,2.1,0.0,0.312,0.346,0.169,0.145,0,0.13920235571382109,93.8957369770313,5.0,63.85829479081252
alonspe01,Pete Alonso,2025,3.6,0.0,0.305,0.368,0.252,0.228,0,0.16256042359002928,87.64405476352619,4.000000000000002,63.85762190541048
springe01,George Springer,2025,5.2,0.0,0.34,0.408,0.251,0.1889999999999999,0,0.23211007669240571,69.02940172116328,5.0,63.21176068846531
machama01,Manny Machado,2025,3.8,0.0,0.307,0.341,0.185,0.193,0,0.13887999312344335,93.98201588003154,1.9999999999999996,62.992806352012614
butlela01,Lawrence Butler,2025,2.0,0.0,0.304,0.31,0.17,0.284,0,0.14765382449040482,91.6337392249664,5.0,62.65349568998656
adamewi01,Willy Adames,2025,4.0,0.0,0.263,0.321,0.196,0.261,0,0.17210468569315143,85.08957577376799,3.0000000000000004,62.0358303095072
edwarxa01,Xavier Edwards,2025,2.5,0.0,0.33,0.308,0.07,0.142,0,0.1693216599413001,85.83444014717352,5.0,61.83377605886941
lopezot01,Otto Lopez,2025,2.3,0.0,0.264,0.295,0.121,0.138,0,0.16939033934743075,85.81605841183408,5.0,61.226423364733634
bellico01,Cody Bellinger,2025,4.9,0.0,0.274,0.347,0.207,0.1369999999999999,0,0.19559838390306286,78.80159270912577,2.5,61.22063708365031
lowebr01,Brandon Lowe,2025,1.7,0.0,0.297,0.334,0.221,0.2689999999999999,0,0.15346566492148211,90.07822617297701,5.0,61.13129046919081
troutmi01,Mike Trout,2025,1.8,0.0,0.31,0.343,0.206,0.32,0,0.157118580218207,89.10053976034197,5.0,61.04021590413679
smithjo09,Josh Smith,2025,1.8,0.0,0.295,0.311,0.115,0.178,0,0.16134714615095638,87.96878303412193,5.0,60.58751321364877
schwaky01,Kyle Schwarber,2025,4.9,0.0,0.253,0.391,0.323,0.272,0,0.25143728737206444,63.85656037644913,5.0,60.24262415057966
sosale01,Lenyn Sosa,2025,1.4,0.0,0.309,0.313,0.17,0.233,0,0.15760427615968517,88.970545417719,5.0,59.7882181670876
sheetga01,Gavin Sheets,2025,1.3,0.0,0.284,0.323,0.177,0.196,0,0.15571312213951083,89.47670431808615,5.0,59.69068172723446
ohtansh01,Shohei Ohtani,2025,7.5,0.0,0.315,0.418,0.34,0.257,0,0.32123330781901693,45.17596821813549,4.500000000000002,59.57038728725419
raleica01,Cal Raleigh,2025,9.1,0.0,0.248,0.392,0.342,0.267,0,0.3760610866944872,30.50155885267166,5.0,59.50062354106866
diazya02,Yainer Diaz,2025,1.6,0.0,0.277,0.3,0.161,0.168,0,0.16636202230758235,86.62657389946816,5.0,59.45062955978726
pasquvi01,Vinnie Pasquantino,2025,1.5,0.0,0.271,0.34,0.211,0.157,0,0.16382095943115355,87.3066779933581,5.0,59.42267119734324
rookebr01,Brent Rooker,2025,2.4,0.0,0.302,0.349,0.217,0.222,0,0.12695945929762975,97.17249334971268,1.4999999999999991,59.06899733988507
hendegu01,Gunnar Henderson,2025,4.8,0.0,0.329,0.339,0.165,0.21,0,0.17994073311357578,82.99229279034333,0.4999999999999982,58.596917116137334
marteke01,Ketel Marte,2025,4.6,0.0,0.29,0.381,0.233,0.149,0,0.19724463704283157,78.36098043214452,1.4999999999999991,58.144392172857806
schanno01,Nolan Schanuel,2025,1.4,0.0,0.286,0.327,0.125,0.126,0,0.17621735479626027,83.9888383147367,5.0,57.79553532589468
vargami01,Miguel Vargas,2025,1.3,0.0,0.261,0.314,0.167,0.176,0,0.17370151647344273,84.66219116986875,5.0,57.7648764679475
rodriju01,Julio Rodriguez,2025,5.7,0.0,0.302,0.341,0.207,0.214,0,0.19672259485696003,78.50070268423354,-0.4999999999999982,57.500281073693415
hollija01,Jackson Holliday,2025,1.2,0.0,0.291,0.304,0.133,0.216,0,0.17538252816641497,84.2122759218549,5.0,57.28491036874196
hoernni01,Nico Hoerner,2025,4.8,0.0,0.313,0.324,0.097,0.076,0,0.2139743850055982,73.88333834592629,1.4999999999999991,56.953335338370515
harpebr03,Bryce Harper,2025,3.5,0.0,0.292,0.361,0.226,0.209,0,0.14998402749420228,91.010070831249,0.0,56.9040283324996
manzaky01,Kyle Manzardo,2025,1.2,0.0,0.265,0.329,0.221,0.254,0,0.17954820294329424,83.09735173172575,5.0,56.8389406926903
mclaima01,Matt McLain,2025,1.4,0.0,0.292,0.286,0.124,0.289,0,0.18902896683889464,80.55986775271317,5.0,56.423947101085275
arozara01,Randy Arozarena,2025,2.9,0.0,0.298,0.332,0.188,0.2689999999999999,0,0.12273457707190558,98.30326414825191,-1.0000000000000009,56.021305659300765
judgeaa01,Aaron Judge,2025,10.1,0.0,0.376,0.463,0.357,0.236,0,0.4345555749250791,14.845771156645826,5.0,55.93830846265833
adelljo01,Jo Adell,2025,1.2,0.0,0.257,0.333,0.249,0.264,0,0.19083492084770362,80.07651225365757,5.0,55.63060490146303
kwanst01,Steven Kwan,2025,3.2,0.0,0.283,0.31,0.102,0.087,0,0.17366504907122665,84.67195150668321,1.0000000000000009,55.46878060267329
wilsoja04,Jacob Wilson,2025,3.5,0.0,0.317,0.348,0.134,0.075,0,0.1687858004234038,85.97786054627177,0.0,54.89114421850871
bichebo01,Bo Bichette,2025,3.8,0.0,0.342,0.361,0.172,0.145,0,0.16990191168317392,85.67913836822275,-0.5000000000000004,54.671655347289104
suareeu01,Eugenio Suarez,2025,3.8,0.0,0.243,0.347,0.298,0.298,0,0.2073526346490432,75.65562016074676,1.4999999999999991,54.66224806429871
suareeu01,Eugenio Suarez,2025,3.8,0.0,0.243,0.347,0.298,0.298,0,0.2073526346490432,75.65562016074676,1.4999999999999991,54.66224806429871
deverra01,Rafael Devers,2025,3.3,0.0,0.307,0.365,0.227,0.263,0,0.15239031426686206,90.36603895768155,-1.0000000000000009,54.04641558307262
deverra01,Rafael Devers,2025,3.3,0.0,0.307,0.365,0.227,0.263,0,0.15239031426686206,90.36603895768155,-1.0000000000000009,54.04641558307262
beckjo01,Jordan Beck,2025,0.9,0.0,0.351,0.319,0.158,0.296,0,0.19954810892420502,77.7444665035777,5.0,53.797786601431085
durbica01,Caleb Durbin,2025,2.6,0.0,0.265,0.319,0.13,0.099,0,0.15632095355360953,89.31402096343243,0.0,53.52560838537297
happia01,Ian Happ,2025,2.8,0.0,0.288,0.333,0.178,0.228,0,0.1178777991483748,99.6031589991616,-2.5,53.24126359966464
bohmal01,Alec Bohm,2025,1.7,0.0,0.324,0.322,0.123,0.163,0,0.1667255999438933,86.52926397408393,1.5000000000000002,52.711705589633574
tuckeky01,Kyle Tucker,2025,4.5,0.0,0.282,0.363,0.198,0.147,0,0.18230653056404725,82.3590977024511,-2.0000000000000018,52.44363908098043
mcmahry01,Ryan McMahon,2025,1.9,0.0,0.294,0.306,0.167,0.3229999999999999,0,0.1609512612357813,88.0747398579445,0.49999999999999933,51.929895943177804
mcmahry01,Ryan McMahon,2025,1.9,0.0,0.294,0.306,0.167,0.3229999999999999,0,0.1609512612357813,88.0747398579445,0.49999999999999933,51.929895943177804
suzukse01,Seiya Suzuki,2025,2.6,0.0,0.282,0.343,0.233,0.252,0,0.1364393143801235,94.63525261045625,-2.5,50.6541010441825
perezsa02,Salvador Perez,2025,0.5,0.0,0.251,0.311,0.209,0.195,0,0.20032432894125965,77.53671469379167,4.0,50.51468587751667
sotoju01,Juan Soto,2025,5.8,0.0,0.27,0.39,0.262,0.192,0,0.24325088954932578,66.04761307534217,-2.0000000000000018,49.819045230136865
nimmobr01,Brandon Nimmo,2025,3.0,0.0,0.301,0.329,0.174,0.216,0,0.11885786493936942,99.34084878129178,-5.0,48.736339512516714
chourja01,Jackson Chourio,2025,2.9,0.0,0.308,0.328,0.193,0.205,0,0.11639508798087146,100.0,-5.0,48.7
contrwi02,William Contreras,2025,3.6,0.0,0.299,0.332,0.14,0.182,0,0.14601945375721243,92.07117122906548,-5.0,47.628468491626194
swansda01,Dansby Swanson,2025,3.3,0.0,0.298,0.31,0.173,0.26,0,0.14171265351832785,93.22386701680139,-5.0,47.18954680672056
friedtj01,TJ Friedl,2025,2.9,0.0,0.301,0.333,0.117,0.168,0,0.13388119880376542,95.31992078307927,-5.0,46.82796831323171
diazya01,Yandy Diaz,2025,2.9,0.0,0.318,0.364,0.182,0.141,0,0.1338837955827351,95.31922576682265,-5.0,46.82769030672907
bogaexa01,Xander Bogaerts,2025,3.2,0.0,0.299,0.313,0.128,0.17,0,0.14617893772271365,92.02848606025155,-5.0,46.41139442410062
stottbr01,Bryson Stott,2025,3.1,0.0,0.288,0.315,0.134,0.163,0,0.146518468175512,91.9376122557934,-4.999999999999998,46.07504490231736
freemfr01,Freddie Freeman,2025,3.9,0.0,0.342,0.37,0.207,0.204,0,0.17006001270987503,85.63682333678254,-5.0,45.95472933471302
torregl01,Gleyber Torres,2025,2.6,0.0,0.284,0.332,0.132,0.161,0,0.13437175594316225,95.1886253626135,-5.0,45.8754501450454
luxga01,Gavin Lux,2025,0.3,0.0,0.351,0.322,0.105,0.2269999999999999,0,0.2195634404087933,72.38745270848281,3.0,45.85498108339313
olsonma02,Matt Olson,2025,4.7,0.0,0.333,0.366,0.212,0.243,0,0.1950413093185985,78.9506912257389,-5.0,45.68027649029556
yelicch01,Christian Yelich,2025,2.4,0.0,0.323,0.343,0.188,0.259,0,0.13099757925950392,96.09170863432264,-5.0,45.63668345372906
leebr02,Brooks Lee,2025,0.3,0.0,0.258,0.286,0.133,0.175,0,0.22168559074512673,71.81946867905233,3.0,45.627787471620934
doylebr02,Brenton Doyle,2025,0.4,0.0,0.289,0.282,0.143,0.257,0,0.20928336563233912,75.13886866352088,2.0,45.255547465408355
meidrch01,Chase Meidroth,2025,1.3,0.0,0.291,0.294,0.067,0.143,0,0.20133247662344814,77.26688848356201,0.0,44.80675539342481
larnatr01,Trevor Larnach,2025,0.2,0.0,0.295,0.317,0.153,0.215,0,0.19185546393821096,79.80336846792781,1.0,44.521347387171126
bettsmo01,Mookie Betts,2025,3.4,0.0,0.258,0.318,0.148,0.103,0,0.17129220305808915,85.3070331107926,-5.0,44.32281324431705
semiema01,Marcus Semien,2025,2.1,0.0,0.251,0.295,0.134,0.174,0,0.170969774195121,85.39332975135473,-5.0,40.45733190054189
jungjo01,Josh Jung,2025,1.7,0.0,0.316,0.298,0.139,0.252,0,0.16846987548894896,86.06241643950752,-5.0,39.524966575803006
mccutan01,Andrew McCutchen,2025,-0.1,0.0,0.289,0.309,0.128,0.214,0,0.21210009092818435,74.38498475815291,-0.5,38.75399390326116
wagamer01,Eric Wagaman,2025,-0.4,0.0,0.296,0.293,0.128,0.195,0,0.22218895091871818,71.6847465838471,0.0,38.67389863353884
ozunama01,Marcell Ozuna,2025,1.2,0.0,0.28,0.334,0.168,0.243,0,0.1644272485713924,87.14440742139296,-5.0,38.457762968557184
cruzon01,Oneil Cruz,2025,1.6,0.0,0.262,0.295,0.178,0.32,0,0.1821465197608417,82.40192387701615,-5.0,37.76076955080646
rengilu01,Luis Rengifo,2025,0.0,0.0,0.281,0.275,0.098,0.192,0,0.23165733130757096,69.15057699493244,0.0,37.66023079797297
ramoshe02,Heliot Ramos,2025,1.1,0.0,0.309,0.319,0.144,0.2269999999999999,0,0.1704257672161222,85.53893078191315,-5.0,37.51557231276526
belljo02,Josh Bell,2025,0.1,0.0,0.247,0.324,0.179,0.165,0,0.20803318368866514,75.47347425942604,-1.5000000000000002,37.489389703770414
walkech02,Christian Walker,2025,1.1,0.0,0.291,0.31,0.183,0.2769999999999999,0,0.1716795442090394,85.20336298718532,-5.0,37.38134519487412
steersp01,Spencer Steer,2025,1.0,0.0,0.277,0.316,0.173,0.2269999999999999,0,0.1731857267850184,84.80023996902976,-5.0,36.92009598761191
reynobr01,Bryan Reynolds,2025,1.1,0.0,0.319,0.315,0.157,0.265,0,0.17795192160508708,83.52458927991289,-5.0,36.709835711965155
volpean01,Anthony Volpe,2025,1.0,0.0,0.252,0.286,0.18,0.252,0,0.1947875382290628,79.01861192085633,-4.5,35.60744476834253
hayeske01,Ke'Bryan Hayes,2025,1.4,0.0,0.289,0.266,0.07,0.195,0,0.19950801320600386,77.75519794290923,-5.0,35.3020791771637
hayeske01,Ke'Bryan Hayes,2025,1.4,0.0,0.289,0.266,0.07,0.195,0,0.19950801320600386,77.75519794290923,-5.0,35.3020791771637
albieoz01,Ozzie Albies,2025,1.3,0.0,0.259,0.295,0.124,0.141,0,0.19811767095678115,78.12731681661984,-5.0,35.15092672664794
goldspa01,Paul Goldschmidt,2025,0.8,0.0,0.325,0.316,0.129,0.187,0,0.18890618291881445,80.59273031880117,-5.0,34.63709212752047
nootbla01,Lars Nootbaar,2025,0.8,0.0,0.279,0.304,0.128,0.204,0,0.19092769056476694,80.05168285453131,-5.0,34.42067314181252
hernate01,Teoscar Hernandez,2025,0.6,0.0,0.283,0.315,0.207,0.245,0,0.18841066145309443,80.72535441896518,-5.0,34.09014176758607
ortizjo06,Joey Ortiz,2025,1.4,0.0,0.26,0.263,0.087,0.146,0,0.21487231894537506,73.6430103500511,-5.0,33.65720414002044
garciad02,Adolis Garcia,2025,0.7,0.0,0.267,0.286,0.168,0.247,0,0.1998020613589079,77.67649727223875,-5.0,33.1705989088955
arraelu01,Luis Arraez,2025,0.9,0.0,0.289,0.313,0.1,0.031,0,0.21528355849682446,73.53294392662467,-5.0,32.11317757064987
casteni01,Nick Castellanos,2025,-0.6,0.0,0.298,0.3,0.15,0.226,0,0.22113924387703987,71.96569597044152,-5.0,28.78627838817661
lowena01,Nathaniel Lowe,2025,-0.3,0.0,0.285,0.301,0.154,0.261,0,0.22188773353153637,71.76536606795096,-5.0,28.706146427180386
lowena01,Nathaniel Lowe,2025,-0.3,0.0,0.285,0.301,0.154,0.261,0,0.22188773353153637,71.76536606795096,-5.0,28.706146427180386
indiajo01,Jonathan India,2025,-0.3,0.0,0.279,0.301,0.113,0.187,0,0.22901540560313882,69.85767657283132,-5.0,27.94307062913253
hernaen02,Enrique Hernandez,2025,0.0,0.0,0.0,0.0,0.0,0.0,1,0.49002361032881164,0.0,5.0,20.0
profaju01,Jurickson Profar,2025,0.0,0.0,0.0,0.0,0.0,0.0,1,0.49002361032881164,0.0,5.0,20.0
stephty01,Tyler Stephenson,2025,0.0,0.0,0.0,0.0,0.0,0.0,1,0.49002361032881164,0.0,3.0,16.0
ruizke01,Keibert Ruiz,2025,0.0,0.0,0.0,0.0,0.0,0.0,1,0.49002361032881164,0.0,2.5,15.0
beninan01,Andrew Benintendi,2025,0.0,0.0,0.0,0.0,0.0,0.0,1,0.49002361032881164,0.0,1.5,13.0
smithdo02,Dominic Smith,2025,0.0,0.0,0.0,0.0,0.0,0.0,1,0.49002361032881164,0.0,0.5,11.0
diazel01,Elias Diaz,2025,0.0,0.0,0.0,0.0,0.0,0.0,1,0.49002361032881164,0.0,0.5,11.0
wadety01,Tyler Wade,2025,0.0,0.0,0.0,0.0,0.0,0.0,1,0.49002361032881164,0.0,0.0,10.0
urshegi01,Gio Urshela,2025,0.0,0.0,0.0,0.0,0.0,0.0,1,0.49002361032881164,0.0,0.0,10.0
vargail01,Ildemaro Vargas,2025,0.0,0.0,0.0,0.0,0.0,0.0,1,0.49002361032881164,0.0,0.0,10.0
uriasra01,Ramon Urias,2025,0.0,0.0,0.0,0.0,0.0,0.0,1,0.49002361032881164,0.0,0.0,10.0
uriaslu01,Luis Urias,2025,0.0,0.0,0.0,0.0,0.0,0.0,1,0.49002361032881164,0.0,0.0,10.0
triolja01,Jared Triolo,2025,0.0,0.0,0.0,0.0,0.0,0.0,1,0.49002361032881164,0.0,0.0,10.0
acunaro01,Ronald Acuña,2025,0.0,0.0,0.0,0.0,0.0,0.0,1,0.49002361032881164,0.0,0.0,10.0
trammta01,Taylor Trammell,2025,0.0,0.0,0.0,0.0,0.0,0.0,1,0.49002361032881164,0.0,0.0,10.0
torrelu01,Luis Torrens,2025,0.0,0.0,0.0,0.0,0.0,0.0,1,0.49002361032881164,0.0,0.0,10.0
encarch01,Christian Encarnacion-Strand,2025,0.0,0.0,0.0,0.0,0.0,0.0,1,0.49002361032881164,0.0,0.0,10.0
sosaed01,Edmundo Sosa,2025,0.0,0.0,0.0,0.0,0.0,0.0,1,0.49002361032881164,0.0,0.0,10.0
solando01,Donovan Solano,2025,0.0,0.0,0.0,0.0,0.0,0.0,1,0.49002361032881164,0.0,0.0,10.0
stantmi03,Giancarlo Stanton,2025,0.0,0.0,0.0,0.0,0.0,0.0,1,0.49002361032881164,0.0,0.0,10.0
stoweky01,Kyle Stowers,2025,0.0,0.0,0.0,0.0,0.0,0.0,1,0.49002361032881164,0.0,0.0,10.0
adamsri03,Riley Adams,2025,0.0,0.0,0.0,0.0,0.0,0.0,1,0.49002361032881164,0.0,0.0,10.0
sanchje02,Jesus Sanchez,2025,0.0,0.0,0.0,0.0,0.0,0.0,1,0.49002361032881164,0.0,0.0,10.0
sanchje02,Jesus Sanchez,2025,0.0,0.0,0.0,0.0,0.0,0.0,1,0.49002361032881164,0.0,0.0,10.0
sanojja01,Javier Sanoja,2025,0.0,0.0,0.0,0.0,0.0,0.0,1,0.49002361032881164,0.0,0.0,10.0
baldwbr01,Brooks Baldwin,2025,0.0,0.0,0.0,0.0,0.0,0.0,1,0.49002361032881164,0.0,0.0,10.0
bailepa01,Patrick Bailey,2025,0.0,0.0,0.0,0.0,0.0,0.0,1,0.49002361032881164,0.0,0.0,10.0
dingldi01,Dillon Dingler,2025,0.0,0.0,0.0,0.0,0.0,0.0,1,0.49002361032881164,0.0,0.0,10.0
ariasga01,Gabriel Arias,2025,0.0,0.0,0.0,0.0,0.0,0.0,1,0.49002361032881164,0.0,0.0,10.0
arandjo01,Jonathan Aranda,2025,0.0,0.0,0.0,0.0,0.0,0.0,1,0.49002361032881164,0.0,0.0,10.0
gonzaro01,Romy Gonzalez,2025,0.0,0.0,0.0,0.0,0.0,0.0,1,0.49002361032881164,0.0,0.0,10.0
espinsa01,Santiago Espinal,2025,0.0,0.0,0.0,0.0,0.0,0.0,1,0.49002361032881164,0.0,0.0,10.0
gurrilo01,Lourdes Gurriel,2025,0.0,0.0,0.0,0.0,0.0,0.0,1,0.49002361032881164,0.0,0.0,10.0
haggesa01,Sam Haggerty,2025,0.0,0.0,0.0,0.0,0.0,0.0,1,0.49002361032881164,0.0,0.0,10.0
hamilda03,David Hamilton,2025,0.0,0.0,0.0,0.0,0.0,0.0,1,0.49002361032881164,0.0,0.0,10.0
hassero02,Robert Hassell,2025,0.0,0.0,0.0,0.0,0.0,0.0,1,0.49002361032881164,0.0,0.0,10.0
harrimi04,Michael Harris,2025,0.0,0.0,0.0,0.0,0.0,0.0,1,0.49002361032881164,0.0,0.0,10.0
hedgeau01,Austin Hedges,2025,0.0,0.0,0.0,0.0,0.0,0.0,1,0.49002361032881164,0.0,0.0,10.0
heimjo01,Jonah Heim,2025,0.0,0.0,0.0,0.0,0.0,0.0,1,0.49002361032881164,0.0,0.0,10.0
davishe01,Henry Davis,2025,0.0,0.0,0.0,0.0,0.0,0.0,1,0.49002361032881164,0.0,0.0,10.0
heinety01,Tyler Heineman,2025,0.0,0.0,0.0,0.0,0.0,0.0,1,0.49002361032881164,0.0,0.0,10.0
dominja01,Jasson Domínguez,2025,0.0,0.0,0.0,0.0,0.0,0.0,1,0.49002361032881164,0.0,0.0,10.0
freemco01,Cody Freeman,2025,0.0,0.0,0.0,0.0,0.0,0.0,1,0.49002361032881164,0.0,0.0,10.0
fraziad01,Adam Frazier,2025,0.0,0.0,0.0,0.0,0.0,0.0,1,0.49002361032881164,0.0,0.0,10.0
fraziad01,Adam Frazier,2025,0.0,0.0,0.0,0.0,0.0,0.0,1,0.49002361032881164,0.0,0.0,10.0
fulfobr01,Braxton Fulford,2025,0.0,0.0,0.0,0.0,0.0,0.0,1,0.49002361032881164,0.0,0.0,10.0
freemty01,Tyler Freeman,2025,0.0,0.0,0.0,0.0,0.0,0.0,1,0.49002361032881164,0.0,0.0,10.0
fryda01,David Fry,2025,0.0,0.0,0.0,0.0,0.0,0.0,1,0.49002361032881164,0.0,0.0,10.0
darnatr01,Travis d'Arnaud,2025,0.0,0.0,0.0,0.0,0.0,0.0,1,0.49002361032881164,0.0,0.0,10.0
herreiv01,Ivan Herrera,2025,0.0,0.0,0.0,0.0,0.0,0.0,1,0.49002361032881164,0.0,0.0,10.0
hicksli01,Liam Hicks,2025,0.0,0.0,0.0,0.0,0.0,0.0,1,0.49002361032881164,0.0,0.0,10.0
higasky01,Kyle Higashioka,2025,0.0,0.0,0.0,0.0,0.0,0.0,1,0.49002361032881164,0.0,0.0,10.0
hillde01,Derek Hill,2025,0.0,0.0,0.0,0.0,0.0,0.0,1,0.49002361032881164,0.0,0.0,10.0
horwisp01,Spencer Horwitz,2025,0.0,0.0,0.0,0.0,0.0,0.0,1,0.49002361032881164,0.0,0.0,10.0
ibanean01,Andy Ibanez,2025,0.0,0.0,0.0,0.0,0.0,0.0,1,0.49002361032881164,0.0,0.0,10.0
housebr01,Brady House,2025,0.0,0.0,0.0,0.0,0.0,0.0,1,0.49002361032881164,0.0,0.0,10.0
jacksje02,Jeremiah Jackson,2025,0.0,0.0,0.0,0.0,0.0,0.0,1,0.49002361032881164,0.0,0.0,10.0
iglesjo01,Jose Iglesias,2025,0.0,0.0,0.0,0.0,0.0,0.0,1,0.49002361032881164,0.0,0.0,10.0
gonzani01,Nick Gonzales,2025,0.0,0.0,0.0,0.0,0.0,0.0,1,0.49002361032881164,0.0,0.0,10.0
gormano01,Nolan Gorman,2025,0.0,0.0,0.0,0.0,0.0,0.0,1,0.49002361032881164,0.0,0.0,10.0
delcaad01,Adrian Del Castillo,2025,0.0,0.0,0.0,0.0,0.0,0.0,1,0.49002361032881164,0.0,0.0,10.0
grichra01,Randal Grichuk,2025,0.0,0.0,0.0,0.0,0.0,0.0,1,0.49002361032881164,0.0,0.0,10.0
dejonpa01,Paul DeJong,2025,0.0,0.0,0.0,0.0,0.0,0.0,1,0.49002361032881164,0.0,0.0,10.0
guerrvl02,Vladimir Guerrero,2025,0.0,0.0,0.0,0.0,0.0,0.0,1,0.49002361032881164,0.0,0.0,10.0
johnstr02,Troy Johnston,2025,0.0,0.0,0.0,0.0,0.0,0.0,1,0.49002361032881164,0.0,0.0,10.0
jeffery01,Ryan Jeffers,2025,0.0,0.0,0.0,0.0,0.0,0.0,1,0.49002361032881164,0.0,0.0,10.0
jonesja08,Jahmai Jones,2025,0.0,0.0,0.0,0.0,0.0,0.0,1,0.49002361032881164,0.0,0.0,10.0
jonesno01,Nolan Jones,2025,0.0,0.0,0.0,0.0,0.0,0.0,1,0.49002361032881164,0.0,0.0,10.0
karroky01,Kyle Karros,2025,0.0,0.0,0.0,0.0,0.0,0.0,1,0.49002361032881164,0.0,0.0,10.0
kayfucj01,C. J. Kayfus,2025,0.0,0.0,0.0,0.0,0.0,0.0,1,0.49002361032881164,0.0,0.0,10.0
keasclu01,Luke Keaschall,2025,0.0,0.0,0.0,0.0,0.0,0.0,1,0.49002361032881164,0.0,0.0,10.0
kellyca02,Carson Kelly,2025,0.0,0.0,0.0,0.0,0.0,0.0,1,0.49002361032881164,0.0,0.0,10.0
julieed01,Edouard Julien,2025,0.0,0.0,0.0,0.0,0.0,0.0,1,0.49002361032881164,0.0,0.0,10.0
wongco01,Connor Wong,2025,0.0,0.0,0.0,0.0,0.0,0.0,1,0.49002361032881164,0.0,0.0,10.0
kempot01,Otto Kemp,2025,0.0,0.0,0.0,0.0,0.0,0.0,1,0.49002361032881164,0.0,0.0,10.0
crawfjp01,J. P. Crawford,2025,0.0,0.0,0.0,0.0,0.0,0.0,1,0.49002361032881164,0.0,0.0,10.0
crewsdy01,Dylan Crews,2025,0.0,0.0,0.0,0.0,0.0,0.0,1,0.49002361032881164,0.0,0.0,10.0
hernahe01,Heriberto Hernandez,2025,0.0,0.0,0.0,0.0,0.0,0.0,1,0.49002361032881164,0.0,0.0,10.0
hernada04,Darell Hernaiz,2025,0.0,0.0,0.0,0.0,0.0,0.0,1,0.49002361032881164,0.0,0.0,10.0
herrejo04,Jose Herrera,2025,0.0,0.0,0.0,0.0,0.0,0.0,1,0.49002361032881164,0.0,0.0,10.0
keplema01,Max Kepler,2025,0.0,0.0,0.0,0.0,0.0,0.0,1,0.49002361032881164,0.0,0.0,10.0
kimhy02,Hyeseong Kim,2025,0.0,0.0,0.0,0.0,0.0,0.0,1,0.49002361032881164,0.0,0.0,10.0
kjershe01,Heston Kjerstad,2025,0.0,0.0,0.0,0.0,0.0,0.0,1,0.49002361032881164,0.0,0.0,10.0
kineris01,Isiah Kiner-Falefa,2025,0.0,0.0,0.0,0.0,0.0,0.0,1,0.49002361032881164,0.0,0.0,10.0
kossch01,Christian Koss,2025,0.0,0.0,0.0,0.0,0.0,0.0,1,0.49002361032881164,0.0,0.0,10.0
kurtzni01,Nick Kurtz,2025,0.0,0.0,0.0,0.0,0.0,0.0,1,0.49002361032881164,0.0,0.0,10.0
andujmi01,Miguel Andujar,2025,0.0,0.0,0.0,0.0,0.0,0.0,1,0.49002361032881164,0.0,0.0,10.0
andujmi01,Miguel Andujar,2025,0.0,0.0,0.0,0.0,0.0,0.0,1,0.49002361032881164,0.0,0.0,10.0
anthoro01,Roman Anthony,2025,0.0,0.0,0.0,0.0,0.0,0.0,1,0.49002361032881164,0.0,0.0,10.0
laurera01,Ramon Laureano,2025,0.0,0.0,0.0,0.0,0.0,0.0,1,0.49002361032881164,0.0,0.0,10.0
laurera01,Ramon Laureano,2025,0.0,0.0,0.0,0.0,0.0,0.0,1,0.49002361032881164,0.0,0.0,10.0
locklty01,Tyler Locklear,2025,0.0,0.0,0.0,0.0,0.0,0.0,1,0.49002361032881164,0.0,0.0,10.0
loftini01,Nick Loftin,2025,0.0,0.0,0.0,0.0,0.0,0.0,1,0.49002361032881164,0.0,0.0,10.0
lewisro02,Royce Lewis,2025,0.0,0.0,0.0,0.0,0.0,0.0,1,0.49002361032881164,0.0,0.0,10.0
isbelky01,Kyle Isbel,2025,0.0,0.0,0.0,0.0,0.0,0.0,1,0.49002361032881164,0.0,0.0,10.0
janseda01,Danny Jansen,2025,0.0,0.0,0.0,0.0,0.0,0.0,1,0.49002361032881164,0.0,0.0,10.0
lileda01,Daylen Lile,2025,0.0,0.0,0.0,0.0,0.0,0.0,1,0.49002361032881164,0.0,0.0,10.0
alvaryo01,Yordan Alvarez,2025,0.0,0.0,0.0,0.0,0.0,0.0,1,0.49002361032881164,0.0,0.0,10.0
amadoad01,Adael Amador,2025,0.0,0.0,0.0,0.0,0.0,0.0,1,0.49002361032881164,0.0,0.0,10.0
lowejo01,Josh Lowe,2025,0.0,0.0,0.0,0.0,0.0,0.0,1,0.49002361032881164,0.0,0.0,10.0
baderha01,Harrison Bader,2025,0.0,0.0,0.0,0.0,0.0,0.0,1,0.49002361032881164,0.0,0.0,10.0
baderha01,Harrison Bader,2025,0.0,0.0,0.0,0.0,0.0,0.0,1,0.49002361032881164,0.0,0.0,10.0
confomi01,Michael Conforto,2025,0.0,0.0,0.0,0.0,0.0,0.0,1,0.49002361032881164,0.0,0.0,10.0
macivwi01,Willie MacIver,2025,0.0,0.0,0.0,0.0,0.0,0.0,1,0.49002361032881164,0.0,0.0,10.0
lukesna01,Nathan Lukes,2025,0.0,0.0,0.0,0.0,0.0,0.0,1,0.49002361032881164,0.0,0.0,10.0
maldoma01,Martin Maldonado,2025,0.0,0.0,0.0,0.0,0.0,0.0,1,0.49002361032881164,0.0,0.0,10.0
malloju02,Justyn-Henry Malloy,2025,0.0,0.0,0.0,0.0,0.0,0.0,1,0.49002361032881164,0.0,0.0,10.0
clemeko01,Kody Clemens,2025,0.0,0.0,0.0,0.0,0.0,0.0,1,0.49002361032881164,0.0,0.0,10.0
colliis01,Isaac Collins,2025,0.0,0.0,0.0,0.0,0.0,0.0,1,0.49002361032881164,0.0,0.0,10.0
marchra01,Rafael Marchan,2025,0.0,0.0,0.0,0.0,0.0,0.0,1,0.49002361032881164,0.0,0.0,10.0
marseja01,Jakob Marsee,2025,0.0,0.0,0.0,0.0,0.0,0.0,1,0.49002361032881164,0.0,0.0,10.0
manguja01,Jake Mangum,2025,0.0,0.0,0.0,0.0,0.0,0.0,1,0.49002361032881164,0.0,0.0,10.0
clarkde02,Denzel Clarke,2025,0.0,0.0,0.0,0.0,0.0,0.0,1,0.49002361032881164,0.0,0.0,10.0
clasejo01,Jonatan Clase,2025,0.0,0.0,0.0,0.0,0.0,0.0,1,0.49002361032881164,0.0,0.0,10.0
marshbr02,Brandon Marsh,2025,0.0,0.0,0.0,0.0,0.0,0.0,1,0.49002361032881164,0.0,0.0,10.0
martian02,Angel Martínez,2025,0.0,0.0,0.0,0.0,0.0,0.0,1,0.49002361032881164,0.0,0.0,10.0
martiau01,Austin Martin,2025,0.0,0.0,0.0,0.0,0.0,0.0,1,0.49002361032881164,0.0,0.0,10.0
marteno01,Noelvi Marte,2025,0.0,0.0,0.0,0.0,0.0,0.0,1,0.49002361032881164,0.0,0.0,10.0
martini02,Nick Martini,2025,0.0,0.0,0.0,0.0,0.0,0.0,1,0.49002361032881164,0.0,0.0,10.0
martest01,Starling Marte,2025,0.0,0.0,0.0,0.0,0.0,0.0,1,0.49002361032881164,0.0,0.0,10.0
massemi02,Michael Massey,2025,0.0,0.0,0.0,0.0,0.0,0.0,1,0.49002361032881164,0.0,0.0,10.0
mastrmi01,Miles Mastrobuoni,2025,0.0,0.0,0.0,0.0,0.0,0.0,1,0.49002361032881164,0.0,0.0,10.0
mayoco01,Coby Mayo,2025,0.0,0.0,0.0,0.0,0.0,0.0,1,0.49002361032881164,0.0,0.0,10.0
matoslu02,Luis Matos,2025,0.0,0.0,0.0,0.0,0.0,0.0,1,0.49002361032881164,0.0,0.0,10.0
mauriro01,Ronny Mauricio,2025,0.0,0.0,0.0,0.0,0.0,0.0,1,0.49002361032881164,0.0,0.0,10.0
mayerma01,Marcelo Mayer,2025,0.0,0.0,0.0,0.0,0.0,0.0,1,0.49002361032881164,0.0,0.0,10.0
mccorch01,Chas McCormick,2025,0.0,0.0,0.0,0.0,0.0,0.0,1,0.49002361032881164,0.0,0.0,10.0
mcguire01,Reese McGuire,2025,0.0,0.0,0.0,0.0,0.0,0.0,1,0.49002361032881164,0.0,0.0,10.0
newmake01,Kevin Newman,2025,0.0,0.0,0.0,0.0,0.0,0.0,1,0.49002361032881164,0.0,0.0,10.0
norbyco01,Connor Norby,2025,0.0,0.0,0.0,0.0,0.0,0.0,1,0.49002361032881164,0.0,0.0,10.0
mccanja02,James McCann,2025,0.0,0.0,0.0,0.0,0.0,0.0,1,0.49002361032881164,0.0,0.0,10.0
mccarja02,Jake McCarthy,2025,0.0,0.0,0.0,0.0,0.0,0.0,1,0.49002361032881164,0.0,0.0,10.0
chishja01,Jazz Chisholm,2025,0.0,0.0,0.0,0.0,0.0,0.0,1,0.49002361032881164,0.0,0.0,10.0
meadcu01,Curtis Mead,2025,0.0,0.0,0.0,0.0,0.0,0.0,1,0.49002361032881164,0.0,0.0,10.0
meadcu01,Curtis Mead,2025,0.0,0.0,0.0,0.0,0.0,0.0,1,0.49002361032881164,0.0,0.0,10.0
meadopa01,Parker Meadows,2025,0.0,0.0,0.0,0.0,0.0,0.0,1,0.49002361032881164,0.0,0.0,10.0
mervima01,Matt Mervis,2025,0.0,0.0,0.0,0.0,0.0,0.0,1,0.49002361032881164,0.0,0.0,10.0
meyerja02,Jake Meyers,2025,0.0,0.0,0.0,0.0,0.0,0.0,1,0.49002361032881164,0.0,0.0,10.0
misneka01,Kameron Misner,2025,0.0,0.0,0.0,0.0,0.0,0.0,1,0.49002361032881164,0.0,0.0,10.0
montgco01,Colson Montgomery,2025,0.0,0.0,0.0,0.0,0.0,0.0,1,0.49002361032881164,0.0,0.0,10.0
moorech03,Christian Moore,2025,0.0,0.0,0.0,0.0,0.0,0.0,1,0.49002361032881164,0.0,0.0,10.0
monasan01,Andruw Monasterio,2025,0.0,0.0,0.0,0.0,0.0,0.0,1,0.49002361032881164,0.0,0.0,10.0
moncayo01,Yoan Moncada,2025,0.0,0.0,0.0,0.0,0.0,0.0,1,0.49002361032881164,0.0,0.0,10.0
moniami01,Mickey Moniak,2025,0.0,0.0,0.0,0.0,0.0,0.0,1,0.49002361032881164,0.0,0.0,10.0
tellero01,Rowdy Tellez,2025,0.0,0.0,0.0,0.0,0.0,0.0,1,0.49002361032881164,0.0,0.0,10.0
thomaal01,Alek Thomas,2025,0.0,0.0,0.0,0.0,0.0,0.0,1,0.49002361032881164,0.0,0.0,10.0
thomaco03,Colby Thomas,2025,0.0,0.0,0.0,0.0,0.0,0.0,1,0.49002361032881164,0.0,0.0,10.0
morelch01,Christopher Morel,2025,0.0,0.0,0.0,0.0,0.0,0.0,1,0.49002361032881164,0.0,0.0,10.0
morenga01,Gabriel Moreno,2025,0.0,0.0,0.0,0.0,0.0,0.0,1,0.49002361032881164,0.0,0.0,10.0
mooredy01,Dylan Moore,2025,0.0,0.0,0.0,0.0,0.0,0.0,1,0.49002361032881164,0.0,0.0,10.0
castrwi01,Willi Castro,2025,0.0,0.0,0.0,0.0,0.0,0.0,1,0.49002361032881164,0.0,0.0,10.0
castrwi01,Willi Castro,2025,0.0,0.0,0.0,0.0,0.0,0.0,1,0.49002361032881164,0.0,0.0,10.0
mountry01,Ryan Mountcastle,2025,0.0,0.0,0.0,0.0,0.0,0.0,1,0.49002361032881164,0.0,0.0,10.0
mullice01,Cedric Mullins,2025,0.0,0.0,0.0,0.0,0.0,0.0,1,0.49002361032881164,0.0,0.0,10.0
mullice01,Cedric Mullins,2025,0.0,0.0,0.0,0.0,0.0,0.0,1,0.49002361032881164,0.0,0.0,10.0
muncyma02,Max Muncy,2025,0.0,0.0,0.0,0.0,0.0,0.0,1,0.49002361032881164,0.0,0.0,10.0
narvaca01,Carlos Narváez,2025,0.0,0.0,0.0,0.0,0.0,0.0,1,0.49002361032881164,0.0,0.0,10.0
murphse01,Sean Murphy,2025,0.0,0.0,0.0,0.0,0.0,0.0,1,0.49002361032881164,0.0,0.0,10.0
myersda01,Dane Myers,2025,0.0,0.0,0.0,0.0,0.0,0.0,1,0.49002361032881164,0.0,0.0,10.0
naylobo01,Bo Naylor,2025,0.0,0.0,0.0,0.0,0.0,0.0,1,0.49002361032881164,0.0,0.0,10.0
pederjo01,Joc Pederson,2025,0.0,0.0,0.0,0.0,0.0,0.0,1,0.49002361032881164,0.0,0.0,10.0
paulegr01,Graham Pauley,2025,0.0,0.0,0.0,0.0,0.0,0.0,1,0.49002361032881164,0.0,0.0,10.0
carpeke01,Kerry Carpenter,2025,0.0,0.0,0.0,0.0,0.0,0.0,1,0.49002361032881164,0.0,0.0,10.0
bledajj01,JJ Bleday,2025,0.0,0.0,0.0,0.0,0.0,0.0,1,0.49002361032881164,0.0,0.0,10.0
sweentr01,Trey Sweeney,2025,0.0,0.0,0.0,0.0,0.0,0.0,1,0.49002361032881164,0.0,0.0,10.0
tatisfe02,Fernando Tatis,2025,0.0,0.0,0.0,0.0,0.0,0.0,1,0.49002361032881164,0.0,0.0,10.0
tauchmi01,Mike Tauchman,2025,0.0,0.0,0.0,0.0,0.0,0.0,1,0.49002361032881164,0.0,0.0,10.0
tayloty01,Tyrone Taylor,2025,0.0,0.0,0.0,0.0,0.0,0.0,1,0.49002361032881164,0.0,0.0,10.0
teelky01,Kyle Teel,2025,0.0,0.0,0.0,0.0,0.0,0.0,1,0.49002361032881164,0.0,0.0,10.0
tawati01,Tim Tawa,2025,0.0,0.0,0.0,0.0,0.0,0.0,1,0.49002361032881164,0.0,0.0,10.0
tellero01,Rowdy Tellez,2025,0.0,0.0,0.0,0.0,0.0,0.0,1,0.49002361032881164,0.0,0.0,10.0
tenajo01,José Tena,2025,0.0,0.0,0.0,0.0,0.0,0.0,1,0.49002361032881164,0.0,0.0,10.0
teodobr01,Bryce Teodosio,2025,0.0,0.0,0.0,0.0,0.0,0.0,1,0.49002361032881164,0.0,0.0,10.0
taylomi02,Michael Taylor,2025,0.0,0.0,0.0,0.0,0.0,0.0,1,0.49002361032881164,0.0,0.0,10.0
bernawa01,Warming Bernabel,2025,0.0,0.0,0.0,0.0,0.0,0.0,1,0.49002361032881164,0.0,0.0,10.0
bertijo01,Jon Berti,2025,0.0,0.0,0.0,0.0,0.0,0.0,1,0.49002361032881164,0.0,0.0,10.0
canaral01,Alexander Canario,2025,0.0,0.0,0.0,0.0,0.0,0.0,1,0.49002361032881164,0.0,0.0,10.0
pozoyo01,Yohel Pozo,2025,0.0,0.0,0.0,0.0,0.0,0.0,1,0.49002361032881164,0.0,0.0,10.0
queroed01,Edgar Quero,2025,0.0,0.0,0.0,0.0,0.0,0.0,1,0.49002361032881164,0.0,0.0,10.0
raleylu01,Luke Raley,2025,0.0,0.0,0.0,0.0,0.0,0.0,1,0.49002361032881164,0.0,0.0,10.0
noeljh01,Jhonkensy Noel,2025,0.0,0.0,0.0,0.0,0.0,0.0,1,0.49002361032881164,0.0,0.0,10.0
carteev01,Evan Carter,2025,0.0,0.0,0.0,0.0,0.0,0.0,1,0.49002361032881164,0.0,0.0,10.0
ohopplo01,Logan O'Hoppe,2025,0.0,0.0,0.0,0.0,0.0,0.0,1,0.49002361032881164,0.0,0.0,10.0
alvarfr01,Francisco Alvarez,2025,0.0,0.0,0.0,0.0,0.0,0.0,1,0.49002361032881164,0.0,0.0,10.0
alvarna01,Nacho Alvarez,2025,0.0,0.0,0.0,0.0,0.0,0.0,1,0.49002361032881164,0.0,0.0,10.0
oneilty01,Tyler O'Neill,2025,0.0,0.0,0.0,0.0,0.0,0.0,1,0.49002361032881164,0.0,0.0,10.0
osunaal02,Alejandro Osuna,2025,0.0,0.0,0.0,0.0,0.0,0.0,1,0.49002361032881164,0.0,0.0,10.0
carlsdy01,Dylan Carlson,2025,0.0,0.0,0.0,0.0,0.0,0.0,1,0.49002361032881164,0.0,0.0,10.0
wittbo02,Bobby Witt,2025,0.0,0.0,0.0,0.0,0.0,0.0,1,0.49002361032881164,0.0,0.0,10.0
pagespe01,Pedro Pagés,2025,0.0,0.0,0.0,0.0,0.0,0.0,1,0.49002361032881164,0.0,0.0,10.0
palacjo01,Josh Palacios,2025,0.0,0.0,0.0,0.0,0.0,0.0,1,0.49002361032881164,0.0,0.0,10.0
parisky01,Kyren Paris,2025,0.0,0.0,0.0,0.0,0.0,0.0,1,0.49002361032881164,0.0,0.0,10.0
realmjt01,J. T. Realmuto,2025,0.0,0.0,0.0,0.0,0.0,0.0,1,0.49002361032881164,0.0,0.0,10.0
abreuwi02,Wilyer Abreu,2025,0.0,0.0,0.0,0.0,0.0,0.0,1,0.49002361032881164,0.0,0.0,10.0
acunalu01,Luisangel Acuña,2025,0.0,0.0,0.0,0.0,0.0,0.0,1,0.49002361032881164,0.0,0.0,10.0
alexabl01,Blaze Alexander,2025,0.0,0.0,0.0,0.0,0.0,0.0,1,0.49002361032881164,0.0,0.0,10.0
cabaljo01,José Caballero,2025,0.0,0.0,0.0,0.0,0.0,0.0,1,0.49002361032881164,0.0,0.0,10.0
rittery01,Ryan Ritter,2025,0.0,0.0,0.0,0.0,0.0,0.0,1,0.49002361032881164,0.0,0.0,10.0
riverem01,Emmanuel Rivera,2025,0.0,0.0,0.0,0.0,0.0,0.0,1,0.49002361032881164,0.0,0.0,10.0
canzodo01,Dominic Canzone,2025,0.0,0.0,0.0,0.0,0.0,0.0,1,0.49002361032881164,0.0,0.0,10.0
penaje02,Jeremy Peña,2025,0.0,0.0,0.0,0.0,0.0,0.0,1,0.49002361032881164,0.0,0.0,10.0
perazos02,Oswald Peraza,2025,0.0,0.0,0.0,0.0,0.0,0.0,1,0.49002361032881164,0.0,0.0,10.0
caratvi01,Victor Caratini,2025,0.0,0.0,0.0,0.0,0.0,0.0,1,0.49002361032881164,0.0,0.0,10.0
perkibl01,Blake Perkins,2025,0.0,0.0,0.0,0.0,0.0,0.0,1,0.49002361032881164,0.0,0.0,10.0
phamth01,Tommy Pham,2025,0.0,0.0,0.0,0.0,0.0,0.0,1,0.49002361032881164,0.0,0.0,10.0
perezwe01,Wenceel Pérez,2025,0.0,0.0,0.0,0.0,0.0,0.0,1,0.49002361032881164,0.0,0.0,10.0
campbkr01,Kristian Campbell,2025,0.0,0.0,0.0,0.0,0.0,0.0,1,0.49002361032881164,0.0,0.0,10.0
allenni02,Nick Allen,2025,0.0,0.0,0.0,0.0,0.0,0.0,1,0.49002361032881164,0.0,0.0,10.0
roblevi01,Victor Robles,2025,0.0,0.0,0.0,0.0,0.0,0.0,1,0.49002361032881164,0.0,0.0,10.0
rodgebr02,Brendan Rodgers,2025,0.0,0.0,0.0,0.0,0.0,0.0,1,0.49002361032881164,0.0,0.0,10.0
roberlu01,Luis Robert,2025,0.0,0.0,0.0,0.0,0.0,0.0,1,0.49002361032881164,0.0,0.0,10.0
rogerja03,Jake Rogers,2025,0.0,0.0,0.0,0.0,0.0,0.0,1,0.49002361032881164,0.0,0.0,10.0
rocchbr01,Brayan Rocchio,2025,0.0,0.0,0.0,0.0,0.0,0.0,1,0.49002361032881164,0.0,0.0,10.0
rojasjo01,Josh Rojas,2025,0.0,0.0,0.0,0.0,0.0,0.0,1,0.49002361032881164,0.0,0.0,10.0
rojasjo03,Johan Rojas,2025,0.0,0.0,0.0,0.0,0.0,0.0,1,0.49002361032881164,0.0,0.0,10.0
rojasmi02,Miguel Rojas,2025,0.0,0.0,0.0,0.0,0.0,0.0,1,0.49002361032881164,0.0,0.0,10.0
rushida01,Dalton Rushing,2025,0.0,0.0,0.0,0.0,0.0,0.0,1,0.49002361032881164,0.0,0.0,10.0
saggeth01,Thomas Saggese,2025,0.0,0.0,0.0,0.0,0.0,0.0,1,0.49002361032881164,0.0,0.0,10.0
ramirag01,Agustín Ramírez,2025,0.0,0.0,0.0,0.0,0.0,0.0,1,0.49002361032881164,0.0,0.0,10.0
ravejo01,John Rave,2025,0.0,0.0,0.0,0.0,0.0,0.0,1,0.49002361032881164,0.0,0.0,10.0
callal01,Alex Call,2025,0.0,0.0,0.0,0.0,0.0,0.0,1,0.49002361032881164,0.0,0.0,10.0
cabreos01,Oswaldo Cabrera,2025,0.0,0.0,0.0,0.0,0.0,0.0,1,0.49002361032881164,0.0,0.0,10.0
caglija01,Jac Caglianone,2025,0.0,0.0,0.0,0.0,0.0,0.0,1,0.49002361032881164,0.0,0.0,10.0
refsnro01,Rob Refsnyder,2025,0.0,0.0,0.0,0.0,0.0,0.0,1,0.49002361032881164,0.0,0.0,10.0
farmeky01,Kyle Farmer,2025,0.0,0.0,0.0,0.0,0.0,0.0,1,0.49002361032881164,0.0,0.0,10.0
fermifr01,Freddy Fermin,2025,0.0,0.0,0.0,0.0,0.0,0.0,1,0.49002361032881164,0.0,0.0,10.0
fermifr01,Freddy Fermin,2025,0.0,0.0,0.0,0.0,0.0,0.0,1,0.49002361032881164,0.0,0.0,10.0
fernaya01,Yanquiel Fernández,2025,0.0,0.0,0.0,0.0,0.0,0.0,1,0.49002361032881164,0.0,0.0,10.0
fitzgty01,Tyler Fitzgerald,2025,0.0,0.0,0.0,0.0,0.0,0.0,1,0.49002361032881164,0.0,0.0,10.0
forteni01,Nick Fortes,2025,0.0,0.0,0.0,0.0,0.0,0.0,1,0.49002361032881164,0.0,0.0,10.0
florewi01,Wilmer Flores,2025,0.0,0.0,0.0,0.0,0.0,0.0,1,0.49002361032881164,0.0,0.0,10.0
fraleja01,Jake Fraley,2025,0.0,0.0,0.0,0.0,0.0,0.0,1,0.49002361032881164,0.0,0.0,10.0
duranez01,Ezequiel Duran,2025,0.0,0.0,0.0,0.0,0.0,0.0,1,0.49002361032881164,0.0,0.0,10.0
schmica01,Casey Schmitt,2025,0.0,0.0,0.0,0.0,0.0,0.0,1,0.49002361032881164,0.0,0.0,10.0
schneda03,Davis Schneider,2025,0.0,0.0,0.0,0.0,0.0,0.0,1,0.49002361032881164,0.0,0.0,10.0
schneda04,Daniel Schneemann,2025,0.0,0.0,0.0,0.0,0.0,0.0,1,0.49002361032881164,0.0,0.0,10.0
scottvi01,Victor Scott,2025,0.0,0.0,0.0,0.0,0.0,0.0,1,0.49002361032881164,0.0,0.0,10.0
schuema01,Max Schuemann,2025,0.0,0.0,0.0,0.0,0.0,0.0,1,0.49002361032881164,0.0,0.0,10.0
shawma01,Matt Shaw,2025,0.0,0.0,0.0,0.0,0.0,0.0,1,0.49002361032881164,0.0,0.0,10.0
slateau01,Austin Slater,2025,0.0,0.0,0.0,0.0,0.0,0.0,1,0.49002361032881164,0.0,0.0,10.0
trevijo01,Jose Trevino,2025,0.0,0.0,0.0,0.0,0.0,0.0,1,0.49002361032881164,0.0,0.0,10.0
wagnewi01,Will Wagner,2025,0.0,0.0,0.0,0.0,0.0,0.0,1,0.49002361032881164,0.0,0.0,10.0
walkejo02,Jordan Walker,2025,0.0,0.0,0.0,0.0,0.0,0.0,1,0.49002361032881164,0.0,0.0,10.0
dubonma01,Mauricio Dubon,2025,0.0,0.0,0.0,0.0,0.0,0.0,1,0.49002361032881164,0.0,0.0,10.0
youngja03,Jacob Young,2025,0.0,0.0,0.0,0.0,0.0,0.0,1,0.49002361032881164,0.0,0.0,10.0
wallnma01,Matt Wallner,2025,0.0,0.0,0.0,0.0,0.0,0.0,1,0.49002361032881164,0.0,0.0,10.0
waterdr01,Drew Waters,2025,0.0,0.0,0.0,0.0,0.0,0.0,1,0.49002361032881164,0.0,0.0,10.0
wellsau01,Austin Wells,2025,0.0,0.0,0.0,0.0,0.0,0.0,1,0.49002361032881164,0.0,0.0,10.0
youngco01,Cole Young,2025,0.0,0.0,0.0,0.0,0.0,0.0,1,0.49002361032881164,0.0,0.0,10.0
beavedy01,Dylan Beavers,2025,0.0,0.0,0.0,0.0,0.0,0.0,1,0.49002361032881164,0.0,0.0,10.0
westbjo01,Jordan Westburg,2025,0.0,0.0,0.0,0.0,0.0,0.0,1,0.49002361032881164,0.0,0.0,10.0
whiteel04,Eli White,2025,0.0,0.0,0.0,0.0,0.0,0.0,1,0.49002361032881164,0.0,0.0,10.0
willibe03,Ben Williamson,2025,0.0,0.0,0.0,0.0,0.0,0.0,1,0.49002361032881164,0.0,0.0,10.0
smithpa04,Pavin Smith,2025,0.0,0.0,0.0,0.0,0.0,0.0,1,0.49002361032881164,0.0,0.0,10.0
smithca07,Cam Smith,2025,0.0,0.0,0.0,0.0,0.0,0.0,1,0.49002361032881164,0.0,0.0,10.0
wilsowe01,Weston Wilson,2025,0.0,0.0,0.0,0.0,0.0,0.0,1,0.49002361032881164,0.0,0.0,10.0
garvemi01,Mitch Garver,2025,0.0,0.0,0.0,0.0,0.0,0.0,1,0.49002361032881164,0.0,0.0,10.0
garcilu04,Luis Garcia,2025,0.0,0.0,0.0,0.0,0.0,0.0,1,0.49002361032881164,0.0,0.0,10.0
gilbedr01,Drew Gilbert,2025,0.0,0.0,0.0,0.0,0.0,0.0,1,0.49002361032881164,0.0,0.0,10.0
vazquch01,Christian Vazquez,2025,0.0,0.0,0.0,0.0,0.0,0.0,1,0.49002361032881164,0.0,0.0,10.0
basalsa01,Samuel Basallo,2025,0.0,0.0,0.0,0.0,0.0,0.0,1,0.49002361032881164,0.0,0.0,10.0
baldwdr01,Drake Baldwin,2025,0.0,0.0,0.0,0.0,0.0,0.0,1,0.49002361032881164,0.0,0.0,10.0
vientma01,Mark Vientos,2025,0.0,0.0,0.0,0.0,0.0,0.0,1,0.49002361032881164,0.0,0.0,10.0
bartjo01,Joey Bart,2025,0.0,0.0,0.0,0.0,0.0,0.0,1,0.49002361032881164,0.0,0.0,10.0
batybr01,Brett Baty,2025,0.0,0.0,0.0,0.0,0.0,0.0,1,0.49002361032881164,0.0,0.0,10.0
bauerja01,Jake Bauers,2025,0.0,0.0,0.0,0.0,0.0,0.0,1,0.49002361032881164,0.0,0.0,10.0
wadela01,LaMonte Wade,2025,0.0,0.0,0.0,0.0,0.0,0.0,1,0.49002361032881164,0.0,0.0,10.0
wallsta01,Taylor Walls,2025,0.0,0.0,0.0,0.0,0.0,0.0,1,0.49002361032881164,0.0,0.0,10.0
simpsch01,Chandler Simpson,2025,0.0,0.0,0.0,0.0,0.0,0.0,1,0.49002361032881164,0.0,0.0,10.0
toglimi01,Michael Toglia,2025,0.0,0.0,0.0,0.0,0.0,0.0,1,0.49002361032881164,0.0,0.0,10.0
bensowi01,Will Benson,2025,0.0,0.0,0.0,0.0,0.0,0.0,1,0.49002361032881164,0.0,0.0,10.0
toroab01,Abraham Toro,2025,0.0,0.0,0.0,0.0,0.0,0.0,1,0.49002361032881164,0.0,0.0,10.0
vaughan01,Andrew Vaughn,2025,0.0,0.0,0.0,0.0,0.0,0.0,1,0.49002361032881164,0.0,-2.0,6.0
vaughan01,Andrew Vaughn,2025,0.0,0.0,0.0,0.0,0.0,0.0,1,0.49002361032881164,0.0,-2.0,6.0
hoskirh01,Rhys Hoskins,2025,0.0,0.0,0.0,0.0,0.0,0.0,1,0.49002361032881164,0.0,-2.0,6.0
rosaram01,Amed Rosario,2025,0.0,0.0,0.0,0.0,0.0,0.0,1,0.49002361032881164,0.0,-2.0,6.0
strawmy01,Myles Straw,2025,0.0,0.0,0.0,0.0,0.0,0.0,1,0.49002361032881164,0.0,-2.0,6.0
baezja01,Javier Baez,2025,0.0,0.0,0.0,0.0,0.0,0.0,1,0.49002361032881164,0.0,-3.5,3.0
yoshima02,Masataka Yoshida,2025,0.0,0.0,0.0,0.0,0.0,0.0,1,0.49002361032881164,0.0,-3.5,3.0
varshda01,Daulton Varsho,2025,0.0,0.0,0.0,0.0,0.0,0.0,1,0.49002361032881164,0.0,-5.0,0.0
verdual01,Alex Verdugo,2025,0.0,0.0,0.0,0.0,0.0,0.0,1,0.49002361032881164,0.0,-5.0,0.0
smithwi05,Will Smith,2025,0.0,0.0,0.0,0.0,0.0,0.0,1,0.49002361032881164,0.0,-5.0,0.0
santaca01,Carlos Santana,2025,0.0,0.0,0.0,0.0,0.0,0.0,1,0.49002361032881164,0.0,-5.0,0.0
suwinja01,Jack Suwinski,2025,0.0,0.0,0.0,0.0,0.0,0.0,1,0.49002361032881164,0.0,-5.0,0.0
seageco01,Corey Seager,2025,0.0,0.0,0.0,0.0,0.0,0.0,1,0.49002361032881164,0.0,-5.0,0.0
burgeja01,Jake Burger,2025,0.0,0.0,0.0,0.0,0.0,0.0,1,0.49002361032881164,0.0,-5.0,0.0
bregmal01,Alex Bregman,2025,0.0,0.0,0.0,0.0,0.0,0.0,1,0.49002361032881164,0.0,-5.0,0.0
rutscad01,Adley Rutschman,2025,0.0,0.0,0.0,0.0,0.0,0.0,1,0.49002361032881164,0.0,-5.0,0.0
santaan02,Anthony Santander,2025,0.0,0.0,0.0,0.0,0.0,0.0,1,0.49002361032881164,0.0,-5.0,0.0
rileyau01,Austin Riley,2025,0.0,0.0,0.0,0.0,0.0,0.0,1,0.49002361032881164,0.0,-5.0,0.0
canhama01,Mark Canha,2025,0.0,0.0,0.0,0.0,0.0,0.0,1,0.49002361032881164,0.0,-5.0,0.0
edmanto01,Tommy Edman,2025,0.0,0.0,0.0,0.0,0.0,0.0,1,0.49002361032881164,0.0,-5.0,0.0
solerjo01,Jorge Soler,2025,0.0,0.0,0.0,0.0,0.0,0.0,1,0.49002361032881164,0.0,-5.0,0.0
paredis01,Isaac Paredes,2025,0.0,0.0,0.0,0.0,0.0,0.0,1,0.49002361032881164,0.0,-5.0,0.0
muncyma01,Max Muncy,2025,0.0,0.0,0.0,0.0,0.0,0.0,1,0.49002361032881164,0.0,-5.0,0.0
merrija01,Jackson Merrill,2025,0.0,0.0,0.0,0.0,0.0,0.0,1,0.49002361032881164,0.0,-5.0,0.0
mcneije01,Jeff McNeil,2025,0.0,0.0,0.0,0.0,0.0,0.0,1,0.49002361032881164,0.0,-5.0,0.0
cowseco01,Colton Cowser,2025,0.0,0.0,0.0,0.0,0.0,0.0,1,0.49002361032881164,0.0,-5.0,0.0
lemahdj01,DJ LeMahieu,2025,0.0,0.0,0.0,0.0,0.0,0.0,1,0.49002361032881164,0.0,-5.0,0.0
keithco01,Colt Keith,2025,0.0,0.0,0.0,0.0,0.0,0.0,1,0.49002361032881164,0.0,-5.0,0.0
arciaor01,Orlando Arcia,2025,0.0,0.0,0.0,0.0,0.0,0.0,1,0.49002361032881164,0.0,-5.0,0.0
haysau01,Austin Hays,2025,0.0,0.0,0.0,0.0,0.0,0.0,1,0.49002361032881164,0.0,-5.0,0.0
gimenan01,Andres Gimenez,2025,0.0,0.0,0.0,0.0,0.0,0.0,1,0.49002361032881164,0.0,-5.0,0.0
arenano01,Nolan Arenado,2025,0.0,0.0,0.0,0.0,0.0,0.0,1,0.49002361032881164,0.0,-5.0,0.0
estrath01,Thairo Estrada,2025,0.0,0.0,0.0,0.0,0.0,0.0,1,0.49002361032881164,0.0,-5.0,0.0
francty01,Ty France,2025,0.0,0.0,0.0,0.0,0.0,0.0,1,0.49002361032881164,0.0,-5.0,0.0
thomala02,Lane Thomas,2025,0.0,0.0,0.0,0.0,0.0,0.0,1,0.49002361032881164,0.0,-5.0,0.0
tovarez01,Ezequiel Tovar,2025,0.0,0.0,0.0,0.0,0.0,0.0,1,0.49002361032881164,0.0,-5.0,0.0
turneju01,Justin Turner,2025,0.0,0.0,0.0,0.0,0.0,0.0,1,0.49002361032881164,0.0,-5.0,0.0
